timestamp,action,goal,time_delta,correct,voltage,current,power,cumpower
1509560921.5849364,,jumping,16.306845903396606,False,0,1,2,3
1509560923.5857553,,jumping,18.30766487121582,False,0,1,2,3
1509560925.5860727,,jumping,20.307982206344604,False,0,1,2,3
1509560927.590399,,jumping,22.31230854988098,False,0,1,2,3
1509560929.5932229,,jumping,24.31513237953186,False,0,1,2,3
1509560931.5955453,,jumping,26.31745481491089,False,0,1,2,3
1509560933.5983691,,jumping,28.320278644561768,False,0,1,2,3
1509560935.6021957,,jumping,30.324105262756348,False,0,1,2,3
1509560937.606022,,jumping,32.32793140411377,False,0,1,2,3
1509560939.6058376,,jumping,34.327747106552124,False,0,1,2,3
1509560941.6121705,,jumping,36.33407998085022,False,0,1,2,3
1509560943.6154957,,jumping,38.33740520477295,False,0,1,2,3
1509560945.6213276,,jumping,40.34323716163635,False,0,1,2,3
1509560947.6206417,,jumping,42.34255123138428,False,0,1,2,3
1509560949.626474,,jumping,44.34838342666626,False,0,1,2,3
1509560951.628295,,jumping,46.35020446777344,False,0,1,2,3
1509560953.6311183,,jumping,48.35302782058716,False,0,1,2,3
1509560955.632439,,jumping,50.3543484210968,False,0,1,2,3
1509560957.6347606,,jumping,52.35667014122009,False,0,1,2,3
1509560959.6466084,,jumping,54.36851787567139,False,0,1,2,3
1509561009.9102156,,windowcleaner360,44.63013291358948,False,0,1,2,3
1509561011.9135408,,windowcleaner360,46.63345813751221,False,0,1,2,3
1509561013.9183693,,windowcleaner360,48.63828659057617,False,0,1,2,3
1509561015.9221952,,windowcleaner360,50.642112493515015,False,0,1,2,3
1509561017.926022,,windowcleaner360,52.645939350128174,False,0,1,2,3
1509561019.9313524,,windowcleaner360,54.65126967430115,False,0,1,2,3
1509561021.9381864,,windowcleaner360,56.658103704452515,False,0,1,2,3
1509561023.9390051,,windowcleaner360,58.65892243385315,False,0,1,2,3
1509561025.9448378,,squatturnclap,0.6607575416564941,False,0,1,2,3
1509561027.945154,,squatturnclap,2.661073684692383,False,0,1,2,3
1509561029.948479,,squatturnclap,4.664398670196533,False,0,1,2,3
1509561031.9768705,,squatturnclap,6.692790269851685,False,0,1,2,3
1509561033.959641,,squatturnclap,8.675560712814331,False,0,1,2,3
1509561035.9624655,,squatturnclap,10.678385257720947,False,0,1,2,3
1509561037.9637847,,squatturnclap,12.679704427719116,False,0,1,2,3
1509561039.9721234,,squatturnclap,14.688043117523193,False,0,1,2,3
1509561041.9709365,,squatturnclap,16.686856269836426,False,0,1,2,3
1509561043.9787734,,squatturnclap,18.694693088531494,False,0,1,2,3
1509561045.9861088,,squatturnclap,20.702028512954712,False,0,1,2,3
1509561047.9884315,,squatturnclap,22.70435118675232,False,0,1,2,3
1509561120.8942246,,jumpingjack,35.606146574020386,False,0,1,2,3
1509561122.4458477,,jumpingjack,37.15776968002319,False,0,1,2,3
1509561124.4476717,,jumpingjack,39.15959358215332,False,0,1,2,3
1509561126.466034,,jumpingjack,41.177955865859985,False,0,1,2,3
1509561128.4553216,,jumpingjack,43.16724348068237,False,0,1,2,3
1509561173.3466482,,jumpingjack,28.055073976516724,False,0,1,2,3
1509561175.3499732,,jumpingjack,30.058398962020874,False,0,1,2,3
1509561177.3512926,,jumpingjack,32.05971837043762,False,0,1,2,3
1509561179.581221,,jumpingjack,34.28964686393738,False,0,1,2,3
1509561181.3920333,,jumpingjack,36.10045909881592,False,0,1,2,3
1509561183.3652787,,jumpingjack,38.07370448112488,False,0,1,2,3
1509561185.3726146,,jumpingjack,40.081040382385254,False,0,1,2,3
1509561187.3669157,,jumpingjack,42.07534146308899,False,0,1,2,3
1509561189.3742516,,jumpingjack,44.082677364349365,False,0,1,2,3
1509561191.3800843,,jumpingjack,46.088510036468506,False,0,1,2,3
1509561193.3814027,,jumpingjack,48.08982849121094,False,0,1,2,3
1509561195.3847277,,jumpingjack,50.09315347671509,False,0,1,2,3
1509561197.388053,,jumpingjack,52.09647870063782,False,0,1,2,3
1509561199.3913784,,jumpingjack,54.099804162979126,False,0,1,2,3
1509561201.397711,,jumpingjack,56.10613679885864,False,0,1,2,3
1509561203.4055486,,jumpingjack,58.11397433280945,False,0,1,2,3
1509561205.4023557,,squatturnclap,0.10678339004516602,False,0,1,2,3
1509561207.4006677,,squatturnclap,2.105095386505127,False,0,1,2,3
1509561209.4064999,,squatturnclap,4.110927581787109,False,0,1,2,3
1509561211.4263685,,squatturnclap,6.130796194076538,False,0,1,2,3
1509561235.975122,b'No Action',squatturnclap,30.67954969406128,False,0,1,2,3
1509561237.9894762,b'No Action',squatturnclap,32.69390392303467,False,0,1,2,3
1509561239.9722474,b'No Action',squatturnclap,34.67667508125305,False,0,1,2,3
1509561241.9901102,b'No Action',squatturnclap,36.6945378780365,False,0,1,2,3
1509561243.978897,b'No Action',squatturnclap,38.68332481384277,False,0,1,2,3
1509561245.9837267,b'No Action',squatturnclap,40.688154458999634,False,0,1,2,3
1509561248.0040972,b'No Action',squatturnclap,42.70852494239807,False,0,1,2,3
1509561249.9898746,b'No Action',squatturnclap,44.69430232048035,False,0,1,2,3
1509561251.9947038,b'No Action',squatturnclap,46.69913148880005,False,0,1,2,3
1509561253.9970262,b'No Action',squatturnclap,48.70145392417908,False,0,1,2,3
1509561256.0013537,b'No Action',squatturnclap,50.70578145980835,False,0,1,2,3
1509561258.0071857,b'No Action',squatturnclap,52.71161341667175,False,0,1,2,3
1509561260.0095088,b'No Action',squatturnclap,54.71393656730652,False,0,1,2,3
1509561262.012833,b'No Action',squatturnclap,56.71726083755493,False,0,1,2,3
1509561264.0171611,b'No Action',squatturnclap,58.72158885002136,False,0,1,2,3
1509561266.0295103,b'No Action',jumping,0.72994065284729,False,0,1,2,3
1509561268.0253148,b'No Action',jumping,2.72574520111084,False,0,1,2,3
1509561270.0251307,b'No Action',jumping,4.725561141967773,False,0,1,2,3
1509561272.0404882,b'No Action',jumping,6.7409186363220215,False,0,1,2,3
1509561274.0428107,b'No Action',jumping,8.74324107170105,False,0,1,2,3
1509561587.7045598,Neutral,windowcleaner360,22.386004209518433,False,0,1,2,3
1509561589.7118957,Neutral,windowcleaner360,24.39334011077881,False,0,1,2,3
1509561591.7127142,Neutral,windowcleaner360,26.394158601760864,False,0,1,2,3
1509561593.7150366,Neutral,windowcleaner360,28.396481037139893,False,0,1,2,3
1509561595.7193644,Neutral,windowcleaner360,30.400808811187744,False,0,1,2,3
1509561597.7261984,Neutral,windowcleaner360,32.40764284133911,False,0,1,2,3
1509561599.7270174,Neutral,windowcleaner360,34.408461809158325,False,0,1,2,3
1509561601.7318463,Neutral,windowcleaner360,36.41329073905945,False,0,1,2,3
1509561603.747705,Neutral,windowcleaner360,38.42914938926697,False,0,1,2,3
1509561605.7405028,Neutral,windowcleaner360,40.42194724082947,False,0,1,2,3
1509561607.7453306,Neutral,windowcleaner360,42.426774978637695,False,0,1,2,3
1509561609.7491574,Neutral,windowcleaner360,44.430601835250854,False,0,1,2,3
1509561611.7539866,Neutral,windowcleaner360,46.43543100357056,False,0,1,2,3
1509561613.757813,Neutral,windowcleaner360,48.43925738334656,False,0,1,2,3
1509561615.7611377,Neutral,windowcleaner360,50.44258213043213,False,0,1,2,3
1509561617.767972,Neutral,windowcleaner360,52.449416399002075,False,0,1,2,3
1509561619.7722998,Neutral,windowcleaner360,54.45374417304993,False,0,1,2,3
1509561621.7741208,Neutral,windowcleaner360,56.455565214157104,False,0,1,2,3
1509561623.7769446,Neutral,windowcleaner360,58.45838904380798,False,0,1,2,3
1509561625.7902963,Neutral,wavehands,0.4682447910308838,False,0,1,2,3
1509641456.6552374,Bus Driver,jumpingjack,51.21095848083496,False,9,10,11,12
1509641458.66001,Bus Driver,jumpingjack,53.215731143951416,False,9,10,11,12
1509641460.7346802,Bus Driver,jumpingjack,55.290401220321655,False,9,10,11,12
1509641462.6652036,Bus Driver,jumpingjack,57.220924615859985,False,9,10,11,12
1509641464.714635,Bus Driver,jumpingjack,59.27035593986511,False,9,10,11,12
1509641466.6877337,Bus Driver,frontback,1.2412824630737305,False,9,10,11,12
1509641468.6766126,Bus Driver,frontback,3.230161428451538,False,9,10,11,12
1509641470.6805985,Bus Driver,frontback,5.234147310256958,False,9,10,11,12
1509641472.7060885,Bus Driver,frontback,7.259637355804443,False,9,10,11,12
1509641474.6916566,Bus Driver,frontback,9.245205402374268,False,9,10,11,12
1509641476.742101,Bus Driver,frontback,11.295649766921997,False,9,10,11,12
1509641478.7005794,Bus Driver,frontback,13.254128217697144,False,9,10,11,12
1509641480.7127528,Bus Driver,frontback,15.26630163192749,False,9,10,11,12
1509645719.7673705,Wave Hands,jumping,53.51321053504944,False,0,0,0,-153
1509645919.6229775,Wave Hands,sidestep,13.31231951713562,False,0,0,0,-22340
1509645921.6267984,Wave Hands,sidestep,15.316140413284302,False,0,0,0,-22472
1509645923.632542,Wave Hands,sidestep,17.32188391685486,False,0,0,0,-22753
1509645925.7301857,Wave Hands,sidestep,19.419527769088745,False,0,0,0,-22873
1509645927.6443768,Wave Hands,sidestep,21.33371877670288,False,0,0,0,-22992
1509645929.646545,Wave Hands,sidestep,23.33588695526123,False,0,0,0,-23114
1509645931.6513684,Wave Hands,sidestep,25.340710401535034,False,0,0,0,-23274
1509645933.6587994,Wave Hands,sidestep,27.34814143180847,False,0,0,0,-23595
1509645935.7637627,Wave Hands,sidestep,29.453104734420776,False,0,0,0,-23757
1509645937.6713762,Wave Hands,sidestep,31.360718250274658,False,0,0,0,-23917
1509645939.6752145,Wave Hands,sidestep,33.364556550979614,False,0,0,0,-24075
1509645941.680397,Wave Hands,sidestep,35.369739055633545,False,0,0,0,-24390
1509645943.751773,Wave Hands,sidestep,37.44111514091492,False,0,0,0,-24541
1509645945.6885095,Wave Hands,sidestep,39.377851486206055,False,0,0,0,-24693
1509645947.6931212,Wave Hands,sidestep,41.382463216781616,False,0,0,0,-24846
1509645951.7043972,Wave Hands,sidestep,45.393739223480225,False,0,0,0,-25165
1509645953.721805,Wave Hands,sidestep,47.411147117614746,False,0,0,0,-25326
1509645955.7326095,Wave Hands,sidestep,49.42195153236389,False,0,0,0,-25503
1509645957.7310205,Wave Hands,sidestep,51.42036247253418,False,0,0,0,-25666
1509645959.7346647,Wave Hands,sidestep,53.42400670051575,False,0,0,0,-25978
1509645961.7392585,Wave Hands,sidestep,55.428600549697876,False,0,0,0,-26129
1509645963.745839,Wave Hands,sidestep,57.43518114089966,False,0,0,0,-26282
1509645965.7715085,Wave Hands,sidestep,59.46085047721863,False,0,0,0,-26435
1509645967.754005,Wave Hands,frontback,1.4319756031036377,False,0,0,0,-26607
1509645969.7648077,Wave Hands,frontback,3.4427783489227295,False,0,0,0,-26944
1509645971.7680893,Wave Hands,frontback,5.446059942245483,False,0,0,0,-27116
1509645973.7701776,Wave Hands,frontback,7.448148250579834,False,0,0,0,-27276
1509645975.7774835,Wave Hands,frontback,9.455454111099243,False,0,0,0,-27420
1509645977.7804267,Wave Hands,frontback,11.458397388458252,False,0,0,0,-27738
1509645979.7818015,Wave Hands,frontback,13.459772109985352,False,0,0,0,-27899
1509645981.7844188,Wave Hands,frontback,15.462389469146729,False,0,0,0,-28054
1509645983.8946238,Wave Hands,frontback,17.57259440422058,False,0,0,0,-28211
1509645985.795102,Wave Hands,frontback,19.47307252883911,False,0,0,0,-28531
1509645987.8006594,Wave Hands,frontback,21.47863006591797,False,0,0,0,-28683
1509645989.8036678,Wave Hands,frontback,23.481638431549072,False,0,0,0,-28836
1509645991.8796558,Wave Hands,frontback,25.557626485824585,False,0,0,0,-28983
1509645995.817871,Wave Hands,frontback,29.49584174156189,False,0,0,0,-29139
1509645997.8218334,Wave Hands,frontback,31.49980401992798,False,0,0,0,-29469
1509647484.8886247,Wave Hands,turnclap,18.28223180770874,False,0,0,0,-186746
1509647487.042238,Wave Hands,turnclap,20.435845136642456,False,0,0,0,-187238
1509647488.9003391,Wave Hands,turnclap,22.293946266174316,False,0,0,0,-187736
1509647490.9008687,Wave Hands,turnclap,24.2944757938385,False,0,0,0,-188214
1509647492.906112,Wave Hands,turnclap,26.299719095230103,False,0,0,0,-188712
1509647494.9276695,Wave Hands,turnclap,28.321276664733887,False,0,0,0,-189787
1509647496.9164743,Wave Hands,turnclap,30.310081481933594,False,0,0,0,-190233
1509647498.9223242,Wave Hands,turnclap,32.31593132019043,False,0,0,0,-190689
1509647525.4802408,Wave Hands,turnclap,58.87384796142578,False,0,0,0,-219344
1509647527.3437045,Wave Hands,frontback,0.7312836647033691,False,0,0,0,-219892
1509647529.3482912,Wave Hands,frontback,2.735870361328125,False,0,0,0,-220403
1509647531.350801,Wave Hands,frontback,4.738380193710327,False,0,0,0,-221628
1509647533.4273937,Wave Hands,frontback,6.814972877502441,False,0,0,0,-222173
1509647535.3675654,Wave Hands,frontback,8.755144596099854,False,0,0,0,-222690
1509647537.7322505,Wave Hands,frontback,11.119829654693604,False,0,0,0,-223221
1509647539.3710904,Wave Hands,frontback,12.75866961479187,False,0,0,0,-223776
1509647541.475035,Wave Hands,frontback,14.862614154815674,False,0,0,0,-225000
1509647543.3800921,Wave Hands,frontback,16.76767134666443,False,0,0,0,-225528
1509647545.410728,Wave Hands,frontback,18.798307180404663,False,0,0,0,-226082
1509647547.3905122,Wave Hands,frontback,20.778091430664062,False,0,0,0,-226606
1509647549.3960674,Wave Hands,frontback,22.78364658355713,False,0,0,0,-227130
1509647551.4024582,Wave Hands,frontback,24.790037393569946,False,0,0,0,-228368
1509647553.407228,Wave Hands,frontback,26.794807195663452,False,0,0,0,-228918
1509647555.4122806,Wave Hands,frontback,28.799859762191772,False,0,0,0,-229468
1509647557.4146738,Wave Hands,frontback,30.802253007888794,False,0,0,0,-230031
1509647559.4199395,Wave Hands,frontback,32.80751872062683,False,0,0,0,-230580
1509647561.4242735,Wave Hands,frontback,34.81185269355774,False,0,0,0,-231858
1509647563.5339499,Wave Hands,frontback,36.921529054641724,False,0,0,0,-232375
1509647565.4483366,Wave Hands,frontback,38.8359158039093,False,0,0,0,-232889
1509647567.5289242,Wave Hands,frontback,40.91650342941284,False,0,0,0,-233387
1509647569.5310822,Wave Hands,frontback,42.91866135597229,False,0,0,0,-233885
1509647571.524138,Wave Hands,frontback,44.91171717643738,False,0,0,0,-235060
1509647573.478774,Wave Hands,frontback,46.866353273391724,False,0,0,0,-235565
1509647577.4728467,Wave Hands,frontback,50.86042594909668,False,0,0,0,-236079
1509647579.497212,Wave Hands,frontback,52.884791135787964,False,0,0,0,-236669
1509647581.5133512,Wave Hands,frontback,54.900930404663086,False,0,0,0,-237136
1509647734.261391,Wave Hands,windowcleaner360,27.626288175582886,False,0,0,0,-354257
1509647735.3668609,Wave Hands,windowcleaner360,28.73175811767578,False,0,0,0,-354999
1509647738.2827585,Wave Hands,windowcleaner360,31.647655725479126,False,0,0,0,-355623
1509647740.2859406,Wave Hands,windowcleaner360,33.650837898254395,False,0,0,0,-357250
1509647743.3576696,Wave Hands,windowcleaner360,36.72256684303284,False,0,0,0,-358001
1509647745.302582,Wave Hands,windowcleaner360,38.667479276657104,False,0,0,0,-358737
1509647748.318154,Wave Hands,windowcleaner360,41.683051347732544,False,0,0,0,-359387
1509647750.3237789,Wave Hands,windowcleaner360,43.68867611885071,False,0,0,0,-360047
1509647753.4117343,Wave Hands,windowcleaner360,46.776631593704224,False,0,0,0,-361629
1509647756.3419535,Wave Hands,windowcleaner360,49.70685076713562,False,0,0,0,-362332
1509647758.3595293,Wave Hands,windowcleaner360,51.72442650794983,False,0,0,0,-362959
1509647761.3752527,Wave Hands,windowcleaner360,54.740149974823,False,0,0,0,-363639
1509647763.361653,Wave Hands,windowcleaner360,56.726550340652466,False,0,0,0,-365219
1509647766.3711603,Wave Hands,windowcleaner360,59.73605751991272,False,0,0,0,-365931
1509647768.3851836,Wave Hands,frontback,1.7425501346588135,False,0,0,0,-366662
1509647771.4101024,Wave Hands,frontback,4.7674689292907715,False,0,0,0,-367341
1509647773.3907323,Wave Hands,frontback,6.748098850250244,False,0,0,0,-367975
1509647781.4508643,Wave Hands,frontback,14.808230876922607,False,0,0,0,-370774
1509647783.417379,Wave Hands,frontback,16.77474546432495,False,0,0,0,-371418
1509647786.4298735,Wave Hands,frontback,19.787240028381348,False,0,0,0,-372077
1509647788.435983,Wave Hands,frontback,21.793349504470825,False,0,0,0,-372712
1509647791.442374,Wave Hands,frontback,24.79974055290222,False,0,0,0,-374369
1509647793.4486737,Wave Hands,frontback,26.806040287017822,False,0,0,0,-375087
1509647796.4968188,Wave Hands,frontback,29.854185342788696,False,0,0,0,-375827
1509647799.4697626,Wave Hands,frontback,32.82712912559509,False,0,0,0,-376530
1509647801.4741998,Wave Hands,frontback,34.83156633377075,False,0,0,0,-378123
1509647803.4809246,Wave Hands,frontback,36.83829116821289,False,0,0,0,-378793
1509647806.532598,Wave Hands,frontback,39.88996458053589,False,0,0,0,-379473
1509647809.5330575,Wave Hands,frontback,42.89042401313782,False,0,0,0,-380161
1509647811.5011191,Wave Hands,frontback,44.85848569869995,False,0,0,0,-380899
1509647814.522173,Wave Hands,frontback,47.879539489746094,False,0,0,0,-382458
1509647816.5687711,Wave Hands,frontback,49.92613768577576,False,0,0,0,-383224
1509647819.522778,Wave Hands,frontback,52.88014459609985,False,0,0,0,-383922
1509648054.6181629,Wave Hands,frontback,47.93323540687561,False,0,0,0,-621998
1509648055.622697,Wave Hands,frontback,48.937769651412964,False,0,0,0,-622816
1509648058.6514273,Wave Hands,frontback,51.96649980545044,False,0,0,0,-623705
1509648060.650846,Wave Hands,frontback,53.96591854095459,False,0,0,0,-625746
1509648063.7769701,Wave Hands,frontback,57.092042684555054,False,0,0,0,-626611
1509648065.66549,Wave Hands,frontback,58.98056244850159,False,0,0,0,-627373
1509648068.6791961,Wave Hands,turnclap,1.9831459522247314,False,0,0,0,-628258
1509648070.6860576,Wave Hands,turnclap,3.9900074005126953,False,0,0,0,-629209
1509648073.7057576,Wave Hands,turnclap,7.009707450866699,False,0,0,0,-631253
1509648202.7403955,Wave Hands,turnclap,16.027225732803345,False,0,0,0,-17
1509648203.7131085,Wave Hands,turnclap,16.99993872642517,False,0,0,0,-24
1509648206.7243826,Wave Hands,turnclap,20.011212825775146,False,0,0,0,-31
1509648208.7247643,Wave Hands,turnclap,22.011594533920288,False,0,0,0,-50
1509648211.735288,Wave Hands,turnclap,25.022118091583252,False,0,0,0,-60
1509648213.7382286,Wave Hands,turnclap,27.02505874633789,False,0,0,0,-70
1509648476.888053,Wave Hands,wavehands,50.127636194229126,False,0,0,0,-325
1509648477.9839392,Wave Hands,wavehands,51.223522424697876,False,0,0,0,-514
1509648478.8948426,Wave Hands,wavehands,52.13442587852478,False,0,0,0,-607
1509648669.1537776,Wave Hands,wavehands,2.3439910411834717,False,0,0,0,-29372
1509648670.1626296,Wave Hands,wavehands,3.3528430461883545,False,0,0,0,-29541
1509648671.1609697,Wave Hands,wavehands,4.351183176040649,False,0,0,0,-29729
1509648673.1641347,Wave Hands,wavehands,6.354348182678223,False,0,0,0,-29948
1509648675.2105098,Wave Hands,wavehands,8.400723218917847,False,0,0,0,-30425
1509648677.2011383,Wave Hands,wavehands,10.391351699829102,False,0,0,0,-30632
1509648679.1777751,Wave Hands,wavehands,12.367988586425781,False,0,0,0,-30825
1509648681.182315,Wave Hands,wavehands,14.372528553009033,False,0,0,0,-31022
1509648683.1986356,Wave Hands,wavehands,16.388849020004272,False,0,0,0,-31223
1509648685.1974747,Wave Hands,wavehands,18.387688159942627,False,0,0,0,-31693
1509648688.2085068,Wave Hands,wavehands,21.398720264434814,False,0,0,0,-31878
1509648690.2333963,Wave Hands,wavehands,23.423609733581543,False,0,0,0,-32069
1509648692.3025084,Wave Hands,wavehands,25.492721796035767,False,0,0,0,-32279
1509648694.259145,Wave Hands,wavehands,27.449358463287354,False,0,0,0,-32504
1509648696.2332737,Wave Hands,wavehands,29.423487186431885,False,0,0,0,-32714
1509648698.2468734,Wave Hands,wavehands,31.437086820602417,False,0,0,0,-33186
1509648700.2475877,Wave Hands,wavehands,33.437801122665405,False,0,0,0,-33396
1509648702.2743602,Wave Hands,wavehands,35.46457362174988,False,0,0,0,-33593
1509648704.252405,Wave Hands,wavehands,37.44261837005615,False,0,0,0,-33808
1509648706.2797964,Wave Hands,wavehands,39.47000980377197,False,0,0,0,-33998
1509648708.2593162,Wave Hands,wavehands,41.44952964782715,False,0,0,0,-34523
1509648710.2700574,Wave Hands,wavehands,43.46027088165283,False,0,0,0,-34723
1509648712.2687588,Wave Hands,wavehands,45.458972215652466,False,0,0,0,-34934
1509648715.2880352,Wave Hands,wavehands,48.478248596191406,False,0,0,0,-35129
1509648717.3367152,Wave Hands,wavehands,50.526928663253784,False,0,0,0,-35334
1509648719.3244612,Wave Hands,wavehands,52.5146746635437,False,0,0,0,-35553
1509648721.3033075,Wave Hands,wavehands,54.493520975112915,False,0,0,0,-36084
1509648723.3086948,Wave Hands,wavehands,56.498908281326294,False,0,0,0,-36292
1509648725.5858276,Wave Hands,wavehands,58.77604103088379,False,0,0,0,-36499
1509648727.451059,Wave Hands,windowcleaner360,0.6347355842590332,False,0,0,0,-36735
1509648729.3251896,Wave Hands,windowcleaner360,2.50886607170105,False,0,0,0,-36947
1509648731.329637,Wave Hands,windowcleaner360,4.51331353187561,False,0,0,0,-37476
1509648733.3350012,Wave Hands,windowcleaner360,6.518677711486816,False,0,0,0,-37690
1509648735.4241316,Wave Hands,windowcleaner360,8.607808113098145,False,0,0,0,-37891
1509648737.3463786,Wave Hands,windowcleaner360,10.530055046081543,False,0,0,0,-38103
1509648740.3559406,Wave Hands,windowcleaner360,13.53961706161499,False,0,0,0,-38305
1509648742.367663,Wave Hands,windowcleaner360,15.551339387893677,False,0,0,0,-38482
1509648744.3774157,Wave Hands,windowcleaner360,17.561092138290405,False,0,0,0,-38978
1509648746.4817777,Wave Hands,windowcleaner360,19.665454149246216,False,0,0,0,-39187
1509648748.3888,Wave Hands,windowcleaner360,21.572476387023926,False,0,0,0,-39415
1509648750.3956025,Wave Hands,windowcleaner360,23.57927894592285,False,0,0,0,-39653
1509648752.3983214,Wave Hands,windowcleaner360,25.581997871398926,False,0,0,0,-39892
1509648899.1966174,Wave Hands,frontback,52.36524248123169,False,0,0,0,-99105
1509648900.2008686,Wave Hands,frontback,53.36949372291565,False,0,0,0,-99105
1509648902.2052522,Wave Hands,frontback,55.37387728691101,False,0,0,0,-99105
1509648906.2117703,Wave Hands,frontback,59.38039541244507,False,0,0,0,-99105
1509648908.2167404,Wave Hands,turnclap,1.375838041305542,False,0,0,0,-99105
1509648909.2197015,Wave Hands,turnclap,2.3787992000579834,False,0,0,0,-99105
1509648913.22948,Wave Hands,turnclap,6.388577699661255,False,0,0,0,-99105
1509648914.2336228,Wave Hands,turnclap,7.392720460891724,False,0,0,0,-99105
1509648916.262986,Wave Hands,turnclap,9.422083616256714,False,0,0,0,-99105
1509648920.2447488,Wave Hands,turnclap,13.403846502304077,False,0,0,0,-99105
1509648922.2920573,Wave Hands,turnclap,15.451154947280884,False,0,0,0,-99105
1509648925.2590895,Wave Hands,turnclap,18.418187141418457,False,0,0,0,-99105
1509648927.3716936,Wave Hands,turnclap,20.53079128265381,False,0,0,0,-99105
1509648929.267606,Wave Hands,turnclap,22.426703691482544,False,0,0,0,-99105
1509648932.2779102,Wave Hands,turnclap,25.437007904052734,False,0,0,0,-99105
1509648934.3838263,Wave Hands,turnclap,27.54292392730713,False,0,0,0,-99105
1509648936.2892187,Wave Hands,turnclap,29.4483163356781,False,0,0,0,-99105
1509648939.2961237,Wave Hands,turnclap,32.45522141456604,False,0,0,0,-99105
1509648941.3032968,Wave Hands,turnclap,34.46239447593689,False,0,0,0,-99105
1509648943.3037486,Wave Hands,turnclap,36.46284627914429,False,0,0,0,-99105
1509648946.3672278,Wave Hands,turnclap,39.52632546424866,False,0,0,0,-99105
1509648948.3183568,Wave Hands,turnclap,41.47745442390442,False,0,0,0,-99105
1509648950.3228223,Wave Hands,turnclap,43.48192000389099,False,0,0,0,-99105
1509648953.4314113,Wave Hands,turnclap,46.59050893783569,False,0,0,0,-99105
1509648954.3607357,Wave Hands,turnclap,47.51983332633972,False,0,0,0,-99105
1509648956.3406556,Wave Hands,turnclap,49.49975323677063,False,0,0,0,-99105
1509648960.3469303,Wave Hands,turnclap,53.506027936935425,False,0,0,0,-99105
1509648961.3504145,Wave Hands,turnclap,54.509512186050415,False,0,0,0,-99105
1509648965.4165204,Wave Hands,turnclap,58.57561802864075,False,0,0,0,-99105
1509648966.3663952,Wave Hands,turnclap,59.525492906570435,False,0,0,0,-99105
1509648968.3659408,Wave Hands,sidestep,1.5033471584320068,False,0,0,0,-99105
1509648972.481675,Wave Hands,sidestep,5.619081258773804,False,0,0,0,-99105
1509648973.4002507,Wave Hands,sidestep,6.537657022476196,False,0,0,0,-99105
1509648975.3810532,Wave Hands,sidestep,8.518459558486938,False,0,0,0,-99105
1509648979.3894746,Wave Hands,sidestep,12.526880979537964,False,0,0,0,-99105
1509648980.3937325,Wave Hands,sidestep,13.531138896942139,False,0,0,0,-99105
1509648982.4013631,Wave Hands,sidestep,15.538769483566284,False,0,0,0,-99105
1509648986.4047782,Wave Hands,sidestep,19.542184591293335,False,0,0,0,-99105
1509648987.4065878,Wave Hands,sidestep,20.543994188308716,False,0,0,0,-99105
1509648990.4217331,Wave Hands,sidestep,23.559139490127563,False,0,0,0,-99105
1509648992.4765139,Wave Hands,sidestep,25.613920211791992,False,0,0,0,-99105
1509648994.4208302,Wave Hands,sidestep,27.558236598968506,False,0,0,0,-99105
1509648998.4256396,Wave Hands,sidestep,31.563045978546143,False,0,0,0,-99105
1509648999.4280293,Wave Hands,sidestep,32.56543564796448,False,0,0,0,-99105
1509649003.5089426,Wave Hands,sidestep,36.64634895324707,False,0,0,0,-99105
1509649004.4403682,Wave Hands,sidestep,37.57777452468872,False,0,0,0,-99105
1509649006.4443986,Wave Hands,sidestep,39.58180499076843,False,0,0,0,-99105
1509649010.4513793,Wave Hands,sidestep,43.58878564834595,False,0,0,0,-99105
1509649012.4553769,Wave Hands,sidestep,45.59278321266174,False,0,0,0,-99105
1509649013.4587684,Wave Hands,sidestep,46.59617471694946,False,0,0,0,-99105
1509649017.467543,Wave Hands,sidestep,50.60494923591614,False,0,0,0,-99105
1509649019.4716742,Wave Hands,sidestep,52.60908055305481,False,0,0,0,-99105
1509649022.5541487,Wave Hands,sidestep,55.69155502319336,False,0,0,0,-99105
1509649023.4842665,Wave Hands,sidestep,56.62167286872864,False,0,0,0,-99105
1509649025.4897933,Wave Hands,sidestep,58.62719964981079,False,0,0,0,-99105
1509649027.4921868,Wave Hands,wavehands,0.6214644908905029,False,0,0,0,-99105
1509649031.5054677,Wave Hands,wavehands,4.634745359420776,False,0,0,0,-99105
1509649032.5022273,Wave Hands,wavehands,5.631505012512207,False,0,0,0,-99105
1509649034.537242,Wave Hands,wavehands,7.666519641876221,False,0,0,0,-99105
1509649038.515131,Wave Hands,wavehands,11.644408702850342,False,0,0,0,-99105
1509649039.518371,Wave Hands,wavehands,12.647648811340332,False,0,0,0,-99105
1509649041.6014552,Wave Hands,wavehands,14.730732917785645,False,0,0,0,-99105
1509649045.5956933,Wave Hands,wavehands,18.724971055984497,False,0,0,0,-99105
1509649046.5312731,Wave Hands,wavehands,19.660550832748413,False,0,0,0,-99105
1509649050.5410678,Wave Hands,wavehands,23.670345544815063,False,0,0,0,-99105
1509649051.5445852,Wave Hands,wavehands,24.67386293411255,False,0,0,0,-99105
1509649055.5549119,Wave Hands,wavehands,28.684189558029175,False,0,0,0,-99105
1509649056.6552413,Wave Hands,wavehands,29.78451895713806,False,0,0,0,-99105
1509649058.5627105,Wave Hands,wavehands,31.691988229751587,False,0,0,0,-99105
1509649062.5701604,Wave Hands,wavehands,35.69943809509277,False,0,0,0,-99105
1509649063.5735617,Wave Hands,wavehands,36.702839374542236,False,0,0,0,-99105
1509649067.582314,Wave Hands,wavehands,40.711591720581055,False,0,0,0,-99105
1509649068.584482,Wave Hands,wavehands,41.713759660720825,False,0,0,0,-99105
1509649070.5888395,Wave Hands,wavehands,43.718117237091064,False,0,0,0,-99105
1509649074.5950515,Wave Hands,wavehands,47.724329233169556,False,0,0,0,-99105
1509649075.7013578,Wave Hands,wavehands,48.83063554763794,False,0,0,0,-99105
1509649079.6072893,Wave Hands,wavehands,52.73656702041626,False,0,0,0,-99105
1509649080.6097383,Wave Hands,wavehands,53.73901605606079,False,0,0,0,-99105
1509649084.616885,Wave Hands,wavehands,57.74616265296936,False,0,0,0,-99105
1509649086.6203244,Wave Hands,wavehands,59.74960207939148,False,0,0,0,-99105
1509649087.6782448,Wave Hands,sidestep,0.8000781536102295,False,0,0,0,-99105
1509649091.7468836,Wave Hands,sidestep,4.8687169551849365,False,0,0,0,-99105
1509649092.6347816,Wave Hands,sidestep,5.756614923477173,False,0,0,0,-99105
1509649094.7491245,Wave Hands,sidestep,7.870957851409912,False,0,0,0,-99105
1509649096.6501005,Wave Hands,sidestep,9.771933794021606,False,0,0,0,-99105
1509649100.732612,Wave Hands,sidestep,13.854445219039917,False,0,0,0,-99105
1509649101.7550867,Wave Hands,sidestep,14.876919984817505,False,0,0,0,-99105
1509649103.6573288,Wave Hands,sidestep,16.779162168502808,False,0,0,0,-99105
1509649107.665612,Wave Hands,sidestep,20.787445306777954,False,0,0,0,-99105
1509649109.670226,Wave Hands,sidestep,22.792059421539307,False,0,0,0,-99105
1509649112.8117483,Wave Hands,sidestep,25.933581590652466,False,0,0,0,-99105
1509649113.6918976,Wave Hands,sidestep,26.8137309551239,False,0,0,0,-99105
1509649115.68661,Wave Hands,sidestep,28.808443307876587,False,0,0,0,-99105
1509649119.6955183,Wave Hands,sidestep,32.81735157966614,False,0,0,0,-99105
1509649121.7551644,Wave Hands,sidestep,34.87699770927429,False,0,0,0,-99105
1509649123.7021015,Wave Hands,sidestep,36.82393479347229,False,0,0,0,-99105
1509649126.7882104,Wave Hands,sidestep,39.910043716430664,False,0,0,0,-99105
1509649128.7165265,Wave Hands,sidestep,41.83835983276367,False,0,0,0,-99105
1509649129.7311523,Wave Hands,sidestep,42.85298562049866,False,0,0,0,-99105
1509649133.7286696,Wave Hands,sidestep,46.85050296783447,False,0,0,0,-99105
1509649135.8322392,Wave Hands,sidestep,48.95407247543335,False,0,0,0,-99105
1509649138.7432852,Wave Hands,sidestep,51.86511850357056,False,0,0,0,-99105
1509649140.747612,Wave Hands,sidestep,53.86944532394409,False,0,0,0,-99105
1509649142.7502515,Wave Hands,sidestep,55.872084856033325,False,0,0,0,-99105
1509649144.7532678,Wave Hands,sidestep,57.87510108947754,False,0,0,0,-99105
1509649147.7906873,Wave Hands,jumping,0.8909034729003906,False,0,0,0,-99105
1509649148.7675304,Wave Hands,jumping,1.8677465915679932,False,0,0,0,-99105
1509649150.8361285,Wave Hands,jumping,3.936344623565674,False,0,0,0,-99105
1509649154.8557897,Wave Hands,jumping,7.956005811691284,False,0,0,0,-99105
1509649155.7809923,Wave Hands,jumping,8.881208419799805,False,0,0,0,-99105
1509649157.7877731,Wave Hands,jumping,10.887989282608032,False,0,0,0,-99105
1509649417.28344,Neutral,jumping,30.34047555923462,False,6,0,0,2025
1509649419.2881634,Neutral,jumping,32.3451988697052,False,6,0,0,3198
1509649422.3035102,Neutral,jumping,35.36054563522339,False,5,0,0,3760
1509649424.3084025,Bus Driver,jumping,37.36543798446655,False,6,0,0,4311
1509649427.3468862,Bus Driver,jumping,40.403921604156494,False,5,0,0,4886
1509649429.3305635,Neutral,jumping,42.38759899139404,False,5,0,0,6111
1509649431.3359315,Neutral,jumping,44.392966985702515,False,6,0,0,6646
1509649434.409767,Neutral,jumping,47.46680235862732,False,5,0,0,7180
1509649436.3484864,Neutral,jumping,49.405521869659424,False,5,0,0,7721
1509649439.3658397,Neutral,jumping,52.42287516593933,False,6,0,0,8342
1509649441.3715835,Neutral,jumping,54.42861890792847,False,6,0,0,9621
1509649444.379126,Neutral,jumping,57.436161518096924,False,5,0,0,10215
1509649446.4688888,Neutral,jumping,59.52592420578003,False,5,0,0,10787
1509649449.3920817,Neutral,windowcleaning,2.4332644939422607,False,5,0,0,11379
1509649451.415922,Bus Driver,windowcleaning,4.457104682922363,False,6,0,0,12757
1509649454.4069178,Bus Driver,windowcleaning,7.448100566864014,False,5,0,0,13376
1509649456.5431507,Bus Driver,windowcleaning,9.584333419799805,False,6,0,0,13976
1509649459.418962,Bus Driver,windowcleaning,12.460144758224487,False,5,0,0,14638
1509649461.4225929,Neutral,windowcleaning,14.463775634765625,False,5,0,0,15258
1509649464.5188637,Neutral,windowcleaning,17.560046434402466,False,6,0,0,16741
1509649466.4327283,Neutral,windowcleaning,19.47391104698181,False,6,0,0,17388
1509649469.4390857,Neutral,windowcleaning,22.480268478393555,False,5,0,0,18069
1509649471.4487448,Bus Driver,windowcleaning,24.489927530288696,False,5,0,0,18753
1509649473.4514108,Bus Driver,windowcleaning,26.49259352684021,False,5,0,0,19445
1509649476.4652457,Bus Driver,windowcleaning,29.506428480148315,False,6,0,0,21051
1509649478.4695504,Bus Driver,windowcleaning,31.510733127593994,False,5,0,0,21787
1509649481.4823632,Bus Driver,windowcleaning,34.52354598045349,False,5,0,0,22500
1509649483.4905965,Bus Driver,windowcleaning,36.531779289245605,False,6,0,0,23218
1509649486.5347025,Bus Driver,windowcleaning,39.57588529586792,False,5,0,0,24918
1509649488.4989297,Bus Driver,windowcleaning,41.54011249542236,False,5,0,0,25659
1509649491.5081117,Bus Driver,windowcleaning,44.54929447174072,False,5,0,0,26425
1509649493.5996354,Neutral,windowcleaning,46.64081811904907,False,5,0,0,27172
1509649496.5203826,Neutral,windowcleaning,49.56156539916992,False,5,0,0,27960
1509649498.5217004,Neutral,windowcleaning,51.562883138656616,False,5,0,0,29755
1509649501.631377,Neutral,windowcleaning,54.67255973815918,False,6,0,0,30444
1509649503.5373356,Neutral,windowcleaning,56.57851839065552,False,5,0,0,31227
1509649506.542669,Neutral,windowcleaning,59.58385181427002,False,5,0,0,32035
1509650149.6207516,Neutral,jumpingjack,42.51127314567566,False,1,0,0,13
1509650150.633107,Neutral,jumpingjack,43.52362847328186,False,0,0,0,18
1509650152.6374886,Neutral,jumpingjack,45.52801012992859,False,0,0,0,33
1509650155.6629763,Bus Driver,jumpingjack,48.55349779129028,False,0,0,0,38
1509650157.6739538,Bus Driver,jumpingjack,50.564475297927856,False,0,0,0,43
1509650160.6697521,Bus Driver,jumpingjack,53.56027364730835,False,0,0,0,77
1509650162.6741745,Bus Driver,jumpingjack,55.564696073532104,False,0,0,0,99
1509650164.739578,Bus Driver,jumpingjack,57.6300995349884,False,0,0,0,124
1509650167.807117,Bus Driver,jumping,0.6874256134033203,False,1,0,0,137
1509650169.6920342,Bus Driver,jumping,2.572342872619629,False,1,0,0,154
1509650172.728199,Bus Driver,jumping,5.6085076332092285,False,0,0,0,164
1509650174.7102523,Bus Driver,jumping,7.5905609130859375,False,1,0,0,178
1509650177.7153857,Bus Driver,jumping,10.595694303512573,False,0,0,0,207
1509650179.7253823,Bus Driver,jumping,12.605690956115723,False,0,0,0,221
1509650182.0179455,Bus Driver,jumping,14.898254156112671,False,0,0,0,237
1509650184.7327514,Bus Driver,jumping,17.613059997558594,False,1,0,0,277
1509650186.854012,Bus Driver,jumping,19.734320640563965,False,3,0,0,371
1509650189.7751405,Bus Driver,jumping,22.655449151992798,False,1,0,0,566
1509650191.8157382,Neutral,jumping,24.696046829223633,False,2,0,0,649
1509650194.8479433,Neutral,jumping,27.728251934051514,False,0,0,0,725
1509650196.7973893,Neutral,jumping,29.677697896957397,False,1,0,0,798
1509650199.8105984,Neutral,jumping,32.69090700149536,False,2,0,0,881
1509650201.909578,Neutral,jumping,34.789886713027954,False,2,0,0,1057
1509650204.8297536,Neutral,jumping,37.71006226539612,False,2,0,0,1130
1509650206.8414907,Neutral,jumping,39.72179937362671,False,2,0,0,1206
1509650209.8379278,Neutral,jumping,42.718236446380615,False,0,0,0,1285
1509650211.8440683,Neutral,jumping,44.724376916885376,False,3,0,0,1533
1509650213.890132,Neutral,jumping,46.77044057846069,False,4,0,0,1678
1509650216.9776535,Neutral,jumping,49.857962131500244,False,2,0,0,1803
1509650218.8589852,Neutral,jumping,51.739293813705444,False,2,0,0,1886
1509650221.878249,Neutral,jumping,54.75855755805969,False,2,0,0,2011
1509650223.8702893,Neutral,jumping,56.75059795379639,False,3,0,0,2383
1509650226.8763697,Neutral,jumping,59.756678342819214,False,2,0,0,2517
1509650228.8808255,Neutral,frontback,1.7518577575683594,False,0,0,0,2625
1509650231.8897333,Neutral,frontback,4.760765552520752,False,2,0,0,2740
1509650233.8992114,Neutral,frontback,6.7702436447143555,False,1,0,0,2845
1509650236.0103939,Neutral,frontback,8.881426095962524,False,1,0,0,3132
1509650238.9094543,Neutral,frontback,11.780486583709717,False,3,0,0,3254
1509650864.8168163,Front & Back,jumpingjack,37.557284116744995,False,0,0,0,363269
1509650865.8241491,Front & Back,jumpingjack,38.56461691856384,False,0,0,0,363835
1509650866.921846,Front & Back,jumpingjack,39.66231369972229,False,1,0,0,364336
1509650868.8472347,Front & Back,jumpingjack,41.58770251274109,False,1,0,0,367023
1509650870.8576334,Front & Back,jumpingjack,43.5981011390686,False,0,0,0,368054
1509650872.8643239,Front & Back,jumpingjack,45.60479164123535,False,0,0,0,368860
1509650874.936207,Front & Back,jumpingjack,47.67667484283447,False,0,0,0,369793
1509650876.8854616,Front & Back,jumpingjack,49.62592935562134,False,1,0,0,370960
1509650878.8943129,Front & Back,jumpingjack,51.63478064537048,False,1,0,0,373609
1509650880.8984656,Front & Back,jumpingjack,53.638933420181274,False,3,0,0,374909
1509650882.9027524,Front & Back,jumpingjack,55.64322018623352,False,0,0,0,376187
1509650885.0258925,Front & Back,jumpingjack,57.76636028289795,False,0,0,0,377038
1509650886.9118211,Front & Back,jumpingjack,59.65228891372681,False,2,0,0,379183
1509650888.9171116,Front & Back,frontback,1.6364161968231201,False,3,0,0,382229
1509650890.9248672,Front & Back,frontback,3.644171714782715,False,2,0,0,385240
1509650893.9438448,Front & Back,frontback,6.663149356842041,False,2,0,0,387285
1509650895.9478812,Front & Back,frontback,8.66718578338623,False,2,0,0,388595
1509650897.9535565,Front & Back,frontback,10.672861099243164,False,0,0,0,390482
1509650899.96301,Front & Back,frontback,12.68231463432312,False,0,0,0,391077
1509650902.072341,Front & Back,frontback,14.791645526885986,False,2,0,0,393956
1509650904.0760834,Front & Back,frontback,16.795387983322144,False,3,0,0,396923
1509650905.9735572,Front & Back,frontback,18.692861795425415,False,3,0,0,399548
1509650908.067868,Front & Back,frontback,20.787172555923462,False,2,0,0,404767
1509650909.9872906,Front & Back,frontback,22.706595182418823,False,0,0,0,406677
1509650912.1315496,Front & Back,frontback,24.85085415840149,False,3,0,0,407696
1509650913.9990351,Front & Back,frontback,26.718339681625366,False,3,0,0,409334
1509650916.0568047,Front & Back,frontback,28.776109218597412,False,0,0,0,410709
1509650918.0077202,Front & Back,frontback,30.727024793624878,False,1,0,0,413821
1509650920.0123165,Front & Back,frontback,32.7316210269928,False,0,0,0,414427
1509650923.121436,Front & Back,frontback,35.84074068069458,False,0,0,0,414978
1509650925.0261133,Front & Back,frontback,37.74541783332825,False,0,0,0,415805
1509650927.1128054,Front & Back,frontback,39.8321099281311,False,3,0,0,417721
1509650929.034982,Front & Back,frontback,41.75428652763367,False,3,0,0,425526
1509650931.0405972,Front & Back,frontback,43.75990176200867,False,3,0,0,429060
1509650933.0462418,Front & Back,frontback,45.7655463218689,False,3,0,0,432676
1509650935.1012516,Front & Back,frontback,47.82055616378784,False,3,0,0,436247
1509650937.0556278,Front & Back,frontback,49.77493238449097,False,3,0,0,443669
1509650939.0659332,Front & Back,frontback,51.78523778915405,False,1,0,0,446208
1509650941.0710824,Front & Back,frontback,53.79038691520691,False,0,0,0,447640
1509650943.088178,Front & Back,frontback,55.80748248100281,False,1,0,0,448270
1509650945.125983,Front & Back,frontback,57.845287561416626,False,0,0,0,449341
1509650947.0892687,Front & Back,frontback,59.8085732460022,False,0,0,0,451162
1509650949.0937605,Front & Back,turnclap,1.8068974018096924,False,1,0,0,451942
1509650951.1000404,Front & Back,turnclap,3.8131773471832275,False,0,0,0,452841
1509652866.5357969,Neutral,jumping,23.318257808685303,False,3,0,0,3791
1509652867.621739,Neutral,jumping,24.404199838638306,False,5,0,0,6624
1509652868.5415685,Neutral,jumping,25.324029445648193,False,2,0,0,7439
1509652869.538367,Neutral,jumping,26.320827960968018,False,4,0,0,8047
1509652870.544364,Neutral,jumping,27.32682490348816,False,5,0,0,9088
1509652871.548482,Neutral,jumping,28.3309428691864,False,1,0,0,9982
1509652873.5633183,Neutral,jumping,30.345779180526733,False,3,0,0,10852
1509652874.5582583,Neutral,jumping,31.34071922302246,False,2,0,0,12711
1509652875.605391,Neutral,jumping,32.38785195350647,False,2,0,0,13418
1509652876.5758564,Neutral,jumping,33.358317375183105,False,2,0,0,14131
1509652877.5671747,Neutral,jumping,34.3496356010437,False,2,0,0,15024
1509652878.6798096,Neutral,jumping,35.46227049827576,False,5,0,0,17678
1509652879.5792978,Neutral,jumping,36.36175870895386,False,4,0,0,18740
1509652880.5826445,Neutral,jumping,37.365105390548706,False,4,0,0,19928
1509652881.6057394,Neutral,jumping,38.38820028305054,False,3,0,0,20974
1509652882.589394,Neutral,jumping,39.37185502052307,False,2,0,0,21916
1509652883.5991843,Neutral,jumping,40.38164520263672,False,4,0,0,24323
1509652886.6682148,Front & Back,jumping,43.45067572593689,False,3,0,0,25305
1509652887.61476,Front & Back,jumping,44.397220849990845,False,3,0,0,25903
1509652889.6397142,Front & Back,jumping,46.42217516899109,False,5,0,0,26722
1509652890.632518,Front & Back,jumping,47.414978981018066,False,2,0,0,27716
1509652891.6793263,Bus Driver,jumping,48.46178722381592,False,5,0,0,29237
1509652892.649923,Bus Driver,jumping,49.43238401412964,False,3,0,0,32097
1509652893.7344565,Bus Driver,jumping,50.51691746711731,False,2,0,0,34675
1509652894.660736,Bus Driver,jumping,51.44319701194763,False,5,0,0,35324
1509652895.6637726,Bus Driver,jumping,52.44623351097107,False,3,0,0,37672
1509652896.6695626,Bus Driver,jumping,53.45202350616455,False,2,0,0,38399
1509652897.7379098,Bus Driver,jumping,54.52037072181702,False,2,0,0,39280
1509652898.6787713,Bus Driver,jumping,55.46123218536377,False,3,0,0,40236
1509652899.6812172,Bus Driver,jumping,56.46367812156677,False,3,0,0,41179
1509652901.7490485,Bus Driver,jumping,58.53150939941406,False,4,0,0,43410
1509652902.7005363,Wave Hands,jumping,59.48299717903137,False,2,0,0,44361
1509652903.7007556,Bus Driver,windowcleaning,0.48122358322143555,False,5,0,0,45716
1509652904.7921004,Bus Driver,windowcleaning,1.572568416595459,False,3,0,0,46873
1509652905.7144175,Bus Driver,windowcleaning,2.4948854446411133,False,3,0,0,47871
1509652906.7279663,Bus Driver,windowcleaning,3.508434295654297,False,2,0,0,50043
1509652907.724405,Bus Driver,windowcleaning,4.504873037338257,False,3,0,0,50931
1509652908.7882137,Bus Driver,windowcleaning,5.568681716918945,False,3,0,0,51902
1509652909.7343845,Bus Driver,windowcleaning,6.514852523803711,False,1,0,0,52772
1509652910.7365239,Bus Driver,windowcleaning,7.516991853713989,False,2,0,0,53692
1509652911.7405057,Bus Driver,windowcleaning,8.520973682403564,False,2,0,0,55568
1509652912.7798343,Bus Driver,windowcleaning,9.560302257537842,False,2,0,0,56341
1509652913.7479906,Bus Driver,windowcleaning,10.528458595275879,False,4,0,0,57393
1509652914.7546437,Bus Driver,windowcleaning,11.535111665725708,False,1,0,0,58522
1509652915.8509507,Bus Driver,windowcleaning,12.631418704986572,False,3,0,0,59446
1509652917.780219,Bus Driver,windowcleaning,14.560687065124512,False,5,0,0,61994
1509652918.789782,Neutral,windowcleaning,15.570250034332275,False,5,0,0,63220
1509652919.8193467,Neutral,windowcleaning,16.599814653396606,False,1,0,0,64338
1509652920.8268547,Neutral,windowcleaning,17.607322692871094,False,0,0,0,65345
1509652921.8566885,Neutral,windowcleaning,18.63715648651123,False,2,0,0,66786
1509652922.840376,Neutral,windowcleaning,19.6208438873291,False,5,0,0,70195
1509652923.8462167,Neutral,windowcleaning,20.62668466567993,False,4,0,0,71378
1509652924.8493085,Neutral,windowcleaning,21.62977647781372,False,3,0,0,72539
1509652925.853598,Neutral,windowcleaning,22.634066104888916,False,2,0,0,73754
1509652926.9325287,Neutral,windowcleaning,23.7129967212677,False,3,0,0,74916
1509652927.8715146,Neutral,windowcleaning,24.65198254585266,False,5,0,0,79024
1509652928.8689332,Neutral,windowcleaning,25.64940118789673,False,5,0,0,80937
1509652929.8778787,Neutral,windowcleaning,26.65834665298462,False,5,0,0,82787
1509652931.8982005,Bus Driver,windowcleaning,28.67866849899292,False,3,0,0,84469
1509652932.8916154,Neutral,windowcleaning,29.672083377838135,False,3,0,0,85666
1509652933.9763017,Neutral,windowcleaning,30.75676965713501,False,4,0,0,88454
1509652934.9100873,Bus Driver,windowcleaning,31.690555334091187,False,4,0,0,89892
1509652935.9102178,Bus Driver,windowcleaning,32.690685749053955,False,5,0,0,91585
1509652936.9157784,Neutral,windowcleaning,33.69624638557434,False,2,0,0,93053
1509652938.00288,Bus Driver,windowcleaning,34.783348083496094,False,4,0,0,94569
1509652938.925941,Neutral,windowcleaning,35.706408977508545,False,2,0,0,97444
1509652939.9346867,Neutral,windowcleaning,36.71515464782715,False,1,0,0,98213
1509652940.9384353,Bus Driver,windowcleaning,37.71890330314636,False,1,0,0,98890
1509652941.9403777,Bus Driver,windowcleaning,38.7208456993103,False,3,0,0,99768
1509652942.9485302,Bus Driver,windowcleaning,39.7289981842041,False,0,0,0,100883
1509652943.9508517,Bus Driver,windowcleaning,40.73131966590881,False,1,0,0,103341
1509652945.9583766,Bus Driver,windowcleaning,42.73884463310242,False,4,0,0,104599
1509652946.960665,Neutral,windowcleaning,43.741132974624634,False,4,0,0,106012
1509652948.002516,Neutral,windowcleaning,44.782984018325806,False,4,0,0,106977
1509652949.0401022,Neutral,windowcleaning,45.82057023048401,False,5,0,0,108173
1509652949.9849174,Neutral,windowcleaning,46.765385389328,False,3,0,0,111539
1509652950.9892023,Neutral,windowcleaning,47.769670248031616,False,3,0,0,112610
1509652951.9921572,Neutral,windowcleaning,48.772625207901,False,2,0,0,113800
1509652953.060199,Neutral,windowcleaning,49.84066700935364,False,3,0,0,114831
1509652953.9990046,Neutral,windowcleaning,50.7794725894928,False,2,0,0,115737
1509652955.004649,Neutral,windowcleaning,51.78511691093445,False,3,0,0,118617
1509652956.094368,Neutral,windowcleaning,52.87483596801758,False,3,0,0,119754
1509652957.0209813,Neutral,windowcleaning,53.80144929885864,False,2,0,0,120846
1509652958.0226347,Neutral,windowcleaning,54.80310273170471,False,1,0,0,121911
1509652959.0275683,Neutral,windowcleaning,55.80803632736206,False,5,0,0,122937
1509652961.0353339,Neutral,windowcleaning,57.81580185890198,False,5,0,0,125452
1509652962.0910556,Neutral,windowcleaning,58.87152361869812,False,4,0,0,126956
1509652963.0537143,Neutral,windowcleaning,59.834182262420654,False,3,0,0,128012
1509652964.0813913,Neutral,jumping,0.8565349578857422,False,2,0,0,129136
1509652965.0537534,Neutral,jumping,1.8288969993591309,False,4,0,0,130392
1509652966.0585475,Neutral,jumping,2.833691120147705,False,3,0,0,133158
1509652967.1563725,Neutral,jumping,3.931516170501709,False,3,0,0,134157
1509652968.1099813,Neutral,jumping,4.885124921798706,False,1,0,0,134964
1509652969.0737813,Neutral,jumping,5.848924875259399,False,0,0,0,135635
1509652970.0774598,Neutral,jumping,6.852603435516357,False,2,0,0,138350
1509652972.1159182,Neutral,jumping,8.891061782836914,False,2,0,0,139042
1509652973.0922232,Neutral,jumping,9.867366790771484,False,1,0,0,139853
1509652974.2214284,Neutral,jumping,10.996572017669678,False,4,0,0,140676
1509652975.1400685,Neutral,jumping,11.915212154388428,False,0,0,0,142245
1509652976.1261306,Neutral,jumping,12.90127420425415,False,2,0,0,145120
1509652977.12881,Neutral,jumping,13.903953552246094,False,1,0,0,145575
1509652978.2152925,Neutral,jumping,14.99043607711792,False,4,0,0,146673
1509652979.136563,Neutral,jumping,15.911706686019897,False,1,0,0,147854
1509652980.1392703,Neutral,jumping,16.914413928985596,False,3,0,0,149338
1509652981.142256,Neutral,jumping,17.917399644851685,False,2,0,0,152119
1509652983.161321,Neutral,jumping,19.936464548110962,False,2,0,0,153573
1509652984.156866,Neutral,jumping,20.93200969696045,False,3,0,0,154676
1509652985.1599255,Neutral,jumping,21.93506908416748,False,2,0,0,156356
1509652986.2002413,Neutral,jumping,22.975384950637817,False,2,0,0,157813
1509652987.1725829,Neutral,jumping,23.947726488113403,False,3,0,0,160878
1509652988.1792052,Neutral,jumping,24.95434880256653,False,4,0,0,162131
1509652989.18756,Neutral,jumping,25.962703704833984,False,4,0,0,163564
1509652990.1853666,Neutral,jumping,26.96051025390625,False,1,0,0,165233
1509652991.193091,Neutral,jumping,27.968234539031982,False,0,0,0,169093
1509652992.1925945,Neutral,jumping,28.967738151550293,False,3,0,0,170523
1509652993.3166666,Neutral,jumping,30.09181022644043,False,3,0,0,171426
1509652994.1991358,Neutral,jumping,30.974279403686523,False,0,0,0,172203
1509652995.2028384,Neutral,jumping,31.97798204421997,False,2,0,0,173681
1509652996.2051582,Neutral,jumping,32.98030185699463,False,3,0,0,176916
1509653014.7769237,Neutral,jumping,51.552067279815674,False,0,0,0,172
1509653015.7930002,Neutral,jumping,52.56814384460449,False,4,0,0,250
1509653016.7952023,Neutral,jumping,53.570345878601074,False,2,0,0,421
1509653017.843214,Neutral,jumping,54.61835765838623,False,2,0,0,497
1509653018.8042822,Neutral,jumping,55.57942581176758,False,4,0,0,556
1509653020.8082957,Neutral,jumping,57.583439350128174,False,0,0,0,635
1509653021.8113678,Neutral,jumping,58.5865113735199,False,4,0,0,731
1509653022.8153949,Neutral,jumping,59.5905385017395,False,4,0,0,981
1509653023.8192534,Neutral,squatturnclap,0.5772843360900879,False,3,0,0,1069
1509653024.9104745,Neutral,squatturnclap,1.6685054302215576,False,4,0,0,1173
1509653025.8294833,Neutral,squatturnclap,2.5875141620635986,False,2,0,0,1293
1509653026.8269556,Neutral,squatturnclap,3.584986448287964,False,4,0,0,1419
1509653027.87895,Neutral,squatturnclap,4.636981010437012,False,2,0,0,1738
1509653030.062043,Neutral,squatturnclap,6.820073843002319,False,5,0,0,1861
1509653030.1090767,Neutral,squatturnclap,6.867107629776001,False,3,0,0,1990
1509653030.9117959,Neutral,squatturnclap,7.6698267459869385,False,0,0,0,2113
1509653032.8830574,Neutral,squatturnclap,9.641088247299194,False,4,0,0,2273
1509653033.8608034,Neutral,squatturnclap,10.618834257125854,False,4,0,0,2667
1509653034.8683095,Neutral,squatturnclap,11.626340389251709,False,3,0,0,2832
1509653035.9684455,Bus Driver,squatturnclap,12.726476430892944,False,3,0,0,3010
1509653036.890803,Bus Driver,squatturnclap,13.648833990097046,False,3,0,0,3220
1509653037.8904002,Bus Driver,squatturnclap,14.648431062698364,False,5,0,0,3463
1509653038.8943877,Neutral,squatturnclap,15.652418613433838,False,4,0,0,3993
1509653039.9034412,Neutral,squatturnclap,16.66147208213806,False,4,0,0,4214
1509653040.9063034,Bus Driver,squatturnclap,17.664334297180176,False,3,0,0,4400
1509653041.9332335,Bus Driver,squatturnclap,18.691264390945435,False,2,0,0,4562
1509653042.9552426,Bus Driver,squatturnclap,19.713273525238037,False,3,0,0,4732
1509653044.9382315,Bus Driver,squatturnclap,21.69626235961914,False,3,0,0,5136
1509653045.9383593,Neutral,squatturnclap,22.69639015197754,False,2,0,0,5314
1509653047.0322518,Neutral,squatturnclap,23.790282726287842,False,2,0,0,5477
1509653047.9836173,Neutral,squatturnclap,24.741648197174072,False,2,0,0,5634
1509653048.949423,Neutral,squatturnclap,25.707453966140747,False,1,0,0,5791
1509653049.9553938,Neutral,squatturnclap,26.713424682617188,False,2,0,0,6171
1509653050.963105,Neutral,squatturnclap,27.72113585472107,False,2,0,0,6321
1509653051.9630263,Neutral,squatturnclap,28.721057176589966,False,2,0,0,6457
1509653053.0261605,Bus Driver,squatturnclap,29.784191370010376,False,2,0,0,6593
1509653053.9730666,Bus Driver,squatturnclap,30.73109745979309,False,1,0,0,6731
1509653151.0183482,Neutral,turnclap,7.739339113235474,False,6,0,0,48795
1509653152.0253062,Neutral,turnclap,8.746297121047974,False,6,0,0,49933
1509653153.1347117,Neutral,turnclap,9.855702638626099,False,5,0,0,52630
1509653154.0411403,Bus Driver,turnclap,10.762131214141846,False,5,0,0,53720
1509653155.172902,Bus Driver,turnclap,11.893893003463745,False,5,0,0,54792
1509653156.0828602,Bus Driver,turnclap,12.803851127624512,False,5,0,0,55843
1509653157.0505805,Bus Driver,turnclap,13.771571397781372,False,3,0,0,56885
1509653159.058927,Bus Driver,turnclap,15.77991795539856,False,3,0,0,58519
1509653160.069569,Bus Driver,turnclap,16.790560007095337,False,3,0,0,59299
1509653161.0709698,Bus Driver,turnclap,17.79196071624756,False,4,0,0,60108
1509653162.083937,Bus Driver,turnclap,18.804927825927734,False,5,0,0,60861
1509653163.1841536,Bus Driver,turnclap,19.905144453048706,False,2,0,0,61632
1509653164.0770786,Neutral,turnclap,20.7980694770813,False,1,0,0,63392
1509653165.0773857,Neutral,turnclap,21.79837656021118,False,2,0,0,64077
1509653166.0882936,Neutral,turnclap,22.809284448623657,False,4,0,0,64829
1509653167.1501987,Neutral,turnclap,23.8711895942688,False,4,0,0,65666
1509653168.116267,Neutral,turnclap,24.837257862091064,False,2,0,0,66413
1509653170.0902796,Neutral,turnclap,26.811270475387573,False,2,0,0,68021
1509653171.0948386,Bus Driver,turnclap,27.815829515457153,False,2,0,0,68618
1509653172.176961,Bus Driver,turnclap,28.89795184135437,False,2,0,0,69213
1509653173.16586,Bus Driver,turnclap,29.886850833892822,False,4,0,0,69901
1509653174.208362,Front & Back,turnclap,30.92935299873352,False,0,0,0,70590
1509653175.1312785,Bus Driver,turnclap,31.852269411087036,False,2,0,0,72067
1509653176.1386712,Neutral,turnclap,32.85966205596924,False,4,0,0,72755
1509653177.1459715,Neutral,turnclap,33.86696243286133,False,4,0,0,73468
1509653178.2517602,Neutral,turnclap,34.97275114059448,False,4,0,0,74116
1509653179.1592078,Neutral,turnclap,35.88019871711731,False,1,0,0,74954
1509653180.1632924,Neutral,turnclap,36.88428330421448,False,1,0,0,75987
1509653181.1818554,Neutral,turnclap,37.902846336364746,False,5,0,0,76674
1509653182.193884,Neutral,turnclap,38.914874792099,False,5,0,0,77899
1509653184.2013905,Neutral,turnclap,40.92238140106201,False,5,0,0,79115
1509653185.2723815,Neutral,turnclap,41.993372440338135,False,5,0,0,80365
1509653186.2094843,Bus Driver,turnclap,42.93047523498535,False,5,0,0,82889
1509653187.2104514,Neutral,turnclap,43.93144226074219,False,3,0,0,83755
1509653188.2152581,Neutral,turnclap,44.936249017715454,False,5,0,0,84622
1509653189.2196348,Bus Driver,turnclap,45.94062566757202,False,5,0,0,85944
1509653190.2220988,Neutral,turnclap,46.943089723587036,False,5,0,0,87240
1509653191.224364,Neutral,turnclap,47.94535493850708,False,5,0,0,89463
1509653192.2279363,Bus Driver,turnclap,48.94892716407776,False,3,0,0,90306
1509653193.296824,Neutral,turnclap,50.01781487464905,False,2,0,0,90854
1509653194.24979,Neutral,turnclap,50.97078084945679,False,5,0,0,91624
1509653195.2548819,Neutral,turnclap,51.97587275505066,False,6,0,0,92894
1509653197.2675369,Neutral,turnclap,53.98852777481079,False,3,0,0,95160
1509653198.2652445,Neutral,turnclap,54.98623538017273,False,1,0,0,95743
1509653199.2686486,Neutral,turnclap,55.98963952064514,False,1,0,0,96593
1509653200.2712533,Bus Driver,turnclap,56.992244243621826,False,4,0,0,97844
1509653201.2765303,Neutral,turnclap,57.99752116203308,False,2,0,0,98818
1509653202.2776692,Neutral,turnclap,58.99866008758545,False,2,0,0,100511
1509653203.4019911,Neutral,turnclap,0.09769177436828613,False,2,0,0,101412
1509653204.3151634,Neutral,turnclap,1.010864019393921,False,2,0,0,102236
1509653205.2908618,Neutral,turnclap,1.9865624904632568,False,4,0,0,103107
1509653206.2874873,Neutral,turnclap,2.9831879138946533,False,4,0,0,104096
1509653207.3882027,Neutral,turnclap,4.0839033126831055,False,4,0,0,106616
1509653209.30691,Neutral,turnclap,6.002610683441162,False,3,0,0,107493
1509653210.310537,Neutral,turnclap,7.006237745285034,False,1,0,0,108274
1509653211.3139386,Neutral,turnclap,8.009639263153076,False,2,0,0,108769
1509653212.3576977,Neutral,turnclap,9.053398370742798,False,1,0,0,109450
1509653213.3263402,Neutral,turnclap,10.022040843963623,False,2,0,0,111215
1509653214.3263645,Neutral,turnclap,11.022065162658691,False,2,0,0,111865
1509653215.3751733,Neutral,turnclap,12.070873975753784,False,3,0,0,112604
1509653216.3293855,Neutral,turnclap,13.025086164474487,False,3,0,0,113717
1509653217.3292718,Neutral,turnclap,14.024972438812256,False,3,0,0,117519
1509653218.4460478,Neutral,turnclap,15.141748428344727,False,3,0,0,118602
1509653220.340553,Neutral,turnclap,17.036253690719604,False,3,0,0,119548
1509653221.3469586,Neutral,turnclap,18.042659282684326,False,2,0,0,120552
1509653222.6150815,Neutral,turnclap,19.310782194137573,False,3,0,0,121439
1509653223.4011211,Neutral,turnclap,20.096821784973145,False,4,0,0,124284
1509653224.360208,Neutral,turnclap,21.055908679962158,False,5,0,0,125647
1509653225.3678796,Neutral,turnclap,22.06358027458191,False,2,0,0,126838
1509653226.4353743,Neutral,turnclap,23.131074905395508,False,0,0,0,127696
1509653227.3835158,Bus Driver,turnclap,24.079216480255127,False,2,0,0,128555
1509653228.3885994,Bus Driver,turnclap,25.08430004119873,False,2,0,0,131128
1509653229.3938096,Front & Back,turnclap,26.089510202407837,False,5,0,0,132436
1509653230.4017253,Front & Back,turnclap,27.097425937652588,False,5,0,0,133793
1509653231.40661,Wave Hands,turnclap,28.10231065750122,False,5,0,0,135148
1509653233.5017364,Bus Driver,turnclap,30.197437047958374,False,4,0,0,136503
1509653234.4391794,Bus Driver,turnclap,31.13488006591797,False,4,0,0,139548
1509955295.7303054,Side Step,windowcleaner360,53.62838649749756,False,0,0,0,-177
1509955297.7435856,Side Step,windowcleaner360,55.641666650772095,False,0,0,0,-776
1509955323.86678,Side Step,windowcleaning,21.763684272766113,False,0,0,0,-875
1509955340.0182738,Side Step,windowcleaning,37.915178060531616,False,0,0,0,-1016
1509955354.0773506,Side Step,windowcleaning,51.974254846572876,False,0,0,0,-1136
1509955376.1909769,Side Step,busdriver,14.086552143096924,False,0,0,0,-1482
1509955392.235995,Side Step,busdriver,30.13157033920288,False,0,0,0,-1588
1509955400.3943288,Side Step,busdriver,38.28990411758423,False,0,0,0,-1741
1509955408.4116807,Side Step,busdriver,46.30725598335266,False,0,0,0,-1833
1509955538.270048,Side Step,windowcleaner360,56.162696838378906,False,0,0,0,-185
1509955546.8418858,Side Step,jumpingjack,4.7333033084869385,False,0,0,0,-282
1509955554.8388495,Side Step,jumpingjack,12.73026704788208,False,0,0,0,-376
1509955567.9812074,Side Step,jumpingjack,25.87262487411499,False,0,0,0,-569
1509955579.18433,Side Step,jumpingjack,37.0757474899292,False,0,0,0,-664
1509955606.715761,Side Step,sidestep,4.605936765670776,False,0,0,0,-1057
1509955616.0045545,Side Step,sidestep,13.89473032951355,False,0,0,0,-1155
1509955622.66648,Side Step,sidestep,20.556655883789062,False,0,0,0,-1253
1509955629.4897592,Side Step,sidestep,27.379935026168823,False,0,0,0,-1454
1509955672.275814,Side Step,windowcleaner360,10.16472339630127,False,0,0,0,-21961
1509955678.9012372,Side Step,windowcleaner360,16.790146589279175,False,0,0,0,-22151
1509955688.309696,Side Step,windowcleaner360,26.19860529899597,False,0,0,0,-22527
1509955696.8259656,Side Step,windowcleaner360,34.71487498283386,False,0,0,0,-22730
1509955710.4481003,Side Step,windowcleaner360,48.33700966835022,False,0,0,0,-22913
1509955718.7902958,Side Step,windowcleaner360,56.67920517921448,False,0,0,0,-23099
1509955735.4980052,Side Step,turnclap,13.385650396347046,False,0,0,0,-23459
1509955794.2007682,Side Step,wavehands,12.087119579315186,False,0,0,0,-44445
1509955818.538275,Side Step,wavehands,36.42462635040283,False,0,0,0,-44678
1509955841.5006244,Side Step,wavehands,59.38697576522827,False,0,0,0,-44911
1509955868.1246638,Side Step,sidestep,26.00814962387085,False,0,0,0,-45385
1509955892.696308,Side Step,sidestep,50.57979369163513,False,0,0,0,-45620
1509955912.2639973,Side Step,sidestep,10.145928621292114,False,0,0,0,-45855
1509955937.370562,Side Step,sidestep,35.252493381500244,False,0,0,0,-46092
1509955962.1503425,Side Step,sidestep,0.03090810775756836,False,0,0,0,-46575
1509955984.0235195,Side Step,sidestep,21.904085159301758,False,0,0,0,-46813
1509955999.7740169,Side Step,sidestep,37.654582500457764,False,0,0,0,-47056
