1.01,-0.03,-0.15,-21,-4,82
1.01,-0.07,-0.17,-40,-8,77
0.96,0.22,-0.33,-66,-13,69
1.07,0.03,-0.21,-92,-7,64
1.06,0.04,-0.27,-108,1,59
1.03,0.07,-0.21,-79,-2,57
1.01,0.05,-0.25,-71,-9,72
1.04,0.06,-0.23,-63,-9,72
1,0.01,-0.23,-39,-6,80
0.99,0.06,-0.22,-32,3,90
1.01,0.09,-0.25,-10,0,88
1.03,0.02,-0.25,0,2,86
1.03,-0.02,-0.24,4,-3,88
1.04,-0.02,-0.23,37,-3,91
1.03,0.01,-0.24,27,15,98
1.02,0.05,-0.22,23,19,95
1.04,0.03,-0.23,18,17,91
1.02,0.02,-0.23,15,13,93
1.02,0.02,-0.22,28,9,94
1.02,0.03,-0.23,8,9,94
1.02,0.03,-0.24,-9,3,95
1,0.02,-0.22,-21,-2,92
1,0.05,-0.22,-37,-6,80
1.02,0.05,-0.22,-63,-10,69
1.03,0.04,-0.22,-114,1,63
1.05,0.04,-0.25,-109,8,62
1.04,0.04,-0.24,-73,8,62
1.03,0.05,-0.25,-63,7,69
1.02,0.06,-0.23,-55,6,71
1.04,0.04,-0.22,-48,4,79
1.04,0.02,-0.23,-32,-1,85
1.01,0.04,-0.26,-3,-2,83
1.02,0.03,-0.23,-2,0,87
0.99,0.04,-0.2,16,4,93
1,0.07,-0.21,19,8,97
1.03,0.08,-0.22,31,17,93
1.04,0.06,-0.23,23,22,85
1.02,0.01,-0.21,18,21,80
1.02,-0.01,-0.22,14,15,84
1.01,-0.01,-0.22,5,10,88
1.01,0,-0.22,-3,8,89
1,0.02,-0.2,-18,5,85
1.01,0.04,-0.24,-33,5,81
1.03,0.06,-0.21,-49,5,79
1.01,0.05,-0.2,-68,9,84
1.01,0.05,-0.22,-78,9,83
1.04,0.05,-0.23,-83,9,68
1.03,0.05,-0.24,-82,9,68
1.03,0.03,-0.23,-89,6,74
1.04,0.03,-0.23,-77,4,73
1.03,0.03,-0.23,-68,3,78
1.03,0.04,-0.24,-53,2,78
1.03,0.01,-0.25,-37,1,75
1.02,0.03,-0.22,-22,-1,76
1.01,0.03,-0.22,-5,-5,80
1.01,0.05,-0.21,4,-4,87
1.01,0.06,-0.2,18,-3,85
1.03,0.04,-0.22,24,5,86
1.02,0.06,-0.2,22,13,86
1.02,0.04,-0.21,18,14,83
1.03,0.01,-0.2,16,12,81
1.02,0,-0.2,13,7,81
1.02,0.02,-0.21,8,5,84
1.02,0.04,-0.21,-7,3,86
1.02,0.03,-0.2,-20,1,86
0.99,0.06,-0.2,-37,0,82
1.01,0.06,-0.21,-53,-2,81
1.03,0.08,-0.2,-85,-5,77
1.03,0.08,-0.2,-115,3,82
1.05,0.05,-0.22,-112,5,74
1.04,0.03,-0.21,-82,3,76
1.03,0.03,-0.22,-74,3,82
1.04,0.03,-0.24,-64,3,81
1.02,0.06,-0.2,-48,2,80
1.02,0.07,-0.21,-38,2,80
1.01,0.06,-0.2,-10,0,83
1.02,0.06,-0.21,8,3,86
1.03,0.04,-0.22,27,5,86
1.03,0.03,-0.22,31,10,82
1,0.05,-0.2,18,17,78
1.03,0.03,-0.21,11,12,74
1.01,0,-0.19,4,8,74
1.01,0.01,-0.2,-19,4,72
1.01,0.02,-0.19,-31,4,73
1.01,0.05,-0.18,-64,2,64
1.02,0.05,-0.19,-89,1,75
1.03,0.05,-0.22,-107,7,78
1.05,0.03,-0.23,-88,7,76
1.03,0.03,-0.22,-72,6,78
1.02,0.05,-0.22,-61,7,82
1.02,0.03,-0.21,-48,8,82
1,0.04,-0.22,-35,8,81
1.03,0.02,-0.23,-15,7,79
1.03,0.04,-0.24,-10,8,84
1.03,0.05,-0.24,20,1,87
1.03,0.06,-0.22,27,7,93
1.03,0.04,-0.24,25,22,100
1.02,0.04,-0.24,13,27,90
1.04,0.04,-0.24,7,25,91
1.02,0.03,-0.24,-9,18,87
1.01,0.03,-0.23,-21,15,86
1.01,0.03,-0.23,-30,13,88
1.01,0.03,-0.21,-42,11,76
1.02,0.03,-0.22,-53,14,74
1.02,0.03,-0.22,-73,12,76
1.03,0.04,-0.22,-87,14,76
1.04,0.03,-0.23,-86,15,73
1.03,0.04,-0.24,-69,14,77
1.01,0.03,-0.22,-60,12,79
1.02,0.05,-0.23,-54,13,78
1.02,0.05,-0.23,-41,15,77
1.03,0.05,-0.24,-26,15,78
1.02,0.04,-0.23,-17,16,84
1.02,0.04,-0.23,-3,13,93
1.01,0.04,-0.22,-4,17,100
1.02,0.06,-0.21,17,18,101
1.04,0.05,-0.22,16,22,100
1.02,0.04,-0.22,12,25,95
1.03,0.04,-0.23,8,23,92
1.04,0.03,-0.25,5,21,91
1.01,0.04,-0.23,-7,17,88
1,0.04,-0.23,-14,15,88
1.01,0.03,-0.22,-29,14,81
1.01,0.04,-0.22,-41,14,80
1.01,0.03,-0.21,-54,16,78
1.02,0.02,-0.22,-72,16,81
1.02,0.04,-0.21,-92,16,82
1.03,0.04,-0.21,-86,18,86
1.04,0.05,-0.24,-62,19,90
1.02,0.05,-0.23,-54,20,94
1.02,0.04,-0.23,-47,22,93
1.01,0.04,-0.21,-43,22,91
1.01,0.04,-0.22,-38,20,88
1.01,0.07,-0.24,-26,17,81
1.02,0.07,-0.25,-9,15,81
1.03,0.05,-0.25,1,14,83
1.03,0.03,-0.23,9,17,88
1.01,0.03,-0.23,10,24,84
1.03,0.03,-0.23,7,27,86
1.02,0.05,-0.24,9,24,85
1.03,0.06,-0.25,9,21,85
1.03,0.04,-0.25,1,14,85
1.02,0.05,-0.22,-6,10,82
1.01,0.04,-0.21,-26,8,80
1.01,0.04,-0.2,-39,5,74
1.01,0.04,-0.2,-68,8,76
1.01,0.07,-0.2,-83,7,85
1.02,0.08,-0.21,-106,12,80
1.04,0.06,-0.23,-78,12,80
1.01,0.06,-0.22,-66,12,84
1.02,0.06,-0.22,-60,13,84
1.02,0.05,-0.22,-49,15,80
1.01,0.04,-0.22,-34,14,75
1.03,0.04,-0.23,-29,12,75
1.02,0.06,-0.25,-13,7,75
1.03,0.06,-0.25,13,2,82
1,0.05,-0.22,18,4,96
1.02,0.05,-0.23,24,11,107
1.02,0.06,-0.22,22,16,104
1.02,0.06,-0.24,14,18,96
1.03,0.05,-0.24,7,15,93
1.02,0.04,-0.24,0,12,92
1.02,0.05,-0.25,-9,10,87
1.01,0.05,-0.25,-20,12,85
1,0.06,-0.23,-32,12,82
1.01,0.07,-0.23,-41,12,77
1.01,0.07,-0.24,-55,13,79
1.02,0.06,-0.23,-73,13,81
1,0.06,-0.23,-81,15,80
1.04,0.05,-0.25,-83,16,81
1.02,0.04,-0.26,-69,15,83
1.01,0.05,-0.25,-65,15,82
1.02,0.04,-0.25,-57,15,82
1.01,0.06,-0.26,-45,14,76
1.02,0.05,-0.25,-33,14,72
1.01,0.05,-0.26,-20,12,78
1.02,0.03,-0.26,-6,7,92
1.01,0.04,-0.25,-2,6,103
1.01,0.04,-0.25,11,5,100
1.03,0.08,-0.26,35,3,100
1.03,0.07,-0.26,37,9,100
1.02,0.05,-0.25,24,13,91
1.03,0.04,-0.26,14,11,86
1.01,0.03,-0.27,0,6,80
0.99,0.03,-0.24,-10,4,82
1.01,0.05,-0.25,-31,4,81
1,0.05,-0.24,-41,5,81
1.02,0.05,-0.24,-59,7,84
1.01,0.06,-0.24,-75,11,89
1.01,0.07,-0.23,-88,11,92
1.05,0.07,-0.25,-89,15,85
1.02,0.04,-0.26,-71,15,86
1,0.02,-0.25,-65,15,87
1.02,0.03,-0.26,-55,15,82
1.02,0.05,-0.25,-43,14,71
1.03,0.05,-0.26,-33,8,69
1.02,0.05,-0.25,-7,2,92
1.03,0.05,-0.27,-7,6,95
1.02,0.03,-0.25,8,2,92
1.01,0.03,-0.25,10,0,88
1.03,0.06,-0.24,31,-1,95
1.04,0.06,-0.25,30,5,95
1.01,0.06,-0.25,25,9,87
1.03,0.04,-0.25,17,8,89
1.02,0.03,-0.23,9,6,86
1.01,0.04,-0.22,-3,4,85
1.01,0.04,-0.23,-12,4,84
1,0.04,-0.22,-28,6,80
1.01,0.04,-0.23,-39,8,82
1.02,0.06,-0.23,-56,10,80
1.02,0.07,-0.22,-71,12,82
1.01,0.05,-0.21,-80,12,85
1.04,0.06,-0.23,-93,16,87
1.04,0.07,-0.25,-79,15,86
1.02,0.01,-0.23,-65,15,86
1.01,-0.01,-0.21,-54,12,89
1,0.05,-0.23,-46,12,88
1.02,0.09,-0.24,-24,7,79
1.02,0.08,-0.26,-20,7,83
1.02,0.06,-0.25,23,-2,87
1.03,0.03,-0.24,22,-2,89
1.04,0.01,-0.25,34,3,97
1.04,0.03,-0.26,31,11,96
1.03,0.05,-0.26,22,10,93
1.03,0.03,-0.26,18,9,92
1.01,0.03,-0.24,8,5,91
1,0.03,-0.24,-2,3,93
1,0.04,-0.24,-24,4,85
1.01,0.03,-0.23,-37,6,83
1.01,0.04,-0.24,-42,6,85
0.99,0.03,-0.22,-71,2,81
1,0.03,-0.2,-102,5,79
1.04,0.03,-0.22,-106,7,72
1.07,0.05,-0.26,-92,6,73
1.02,0.04,-0.27,-71,2,75
1.04,0.03,-0.26,-52,1,70
1.03,0.02,-0.27,-38,0,71
1.01,0.02,-0.26,-11,-2,76
1.01,0.03,-0.26,-4,0,86
0.99,0.03,-0.23,-5,2,103
1,0.03,-0.25,-1,4,109
1.01,0.08,-0.24,13,7,112
1.02,0.05,-0.26,19,9,111
1.03,0.04,-0.26,21,12,112
1.03,0.04,-0.26,21,13,104
1.04,0.04,-0.27,17,10,101
1.03,0.03,-0.29,14,8,98
1.01,0.03,-0.28,3,7,95
1.02,0.03,-0.28,-9,9,93
1.01,0.05,-0.26,-22,10,86
1,0.04,-0.23,-31,11,86
1,0.05,-0.24,-42,12,85
1,0.06,-0.25,-65,12,81
1.01,0.06,-0.24,-86,12,78
1.03,0.08,-0.26,-101,15,81
1.06,0.03,-0.29,-80,14,80
1.01,0.02,-0.27,-65,13,81
1.02,0.02,-0.27,-52,12,83
1.02,0.02,-0.25,-36,12,83
1.01,0.03,-0.25,-27,11,83
1.02,0.03,-0.26,-10,9,89
1.02,0.05,-0.27,-9,7,95
1.03,0.04,-0.26,6,6,102
1.02,0.05,-0.26,17,3,96
1.03,0.05,-0.26,29,5,98
1.03,0.05,-0.26,32,10,100
1.03,0.02,-0.25,28,11,96
1.03,0.02,-0.26,19,8,92
1.02,0.03,-0.26,14,6,90
1.01,0.03,-0.25,-2,5,88
1.01,0.03,-0.26,-11,3,85
1,0.02,-0.23,-27,4,82
1,0.03,-0.22,-39,4,79
1,0.04,-0.22,-56,7,76
1,0.05,-0.21,-91,11,81
1.02,0.06,-0.2,-99,15,79
1.05,0.04,-0.25,-77,15,78
1.02,0.02,-0.24,-63,14,80
1.02,0.02,-0.24,-54,14,80
1.02,0.02,-0.23,-43,13,80
1.02,0.04,-0.21,-28,11,78
1.01,0.03,-0.23,-20,8,76
1.02,0.04,-0.25,-17,6,81
1.02,0.05,-0.25,-17,6,91
1.02,0.04,-0.23,4,2,86
1.02,0.03,-0.22,28,3,84
1.05,0.03,-0.25,38,7,79
1.03,0.02,-0.25,49,12,87
1.03,0.02,-0.24,37,11,85
1.03,0.04,-0.26,11,4,87
1.01,0.04,-0.24,-2,0,88
1,0.04,-0.24,-17,-2,90
0.99,0.04,-0.23,-30,-1,90
0.98,0.04,-0.2,-40,1,86
1,0.02,-0.2,-55,6,81
1.01,0.03,-0.2,-69,9,79
1.03,0.05,-0.22,-95,13,85
1.06,0.06,-0.23,-109,17,82
1.05,0.04,-0.24,-76,17,81
1.03,0,-0.25,-59,20,88
1.02,0.02,-0.22,-52,20,92
1.03,0.04,-0.22,-44,18,91
1.01,0.06,-0.23,-25,13,85
1.02,0.03,-0.22,-16,14,83
1.02,0.01,-0.21,-12,11,93
1.02,0.02,-0.21,17,8,96
1.04,0.02,-0.23,35,14,100
1.04,0.03,-0.24,24,20,91
1.04,0.05,-0.25,14,23,92
1.01,0.04,-0.21,-6,19,81
1.01,0.01,-0.2,-29,14,83
1,0.03,-0.21,-37,14,83
1.02,0.03,-0.23,-48,11,82
1.01,0.02,-0.21,-56,8,81
1.02,0.04,-0.22,-68,6,76
1.01,0.05,-0.2,-85,7,74
1.03,0.05,-0.21,-92,7,70
1.04,0.05,-0.24,-85,9,71
1.03,0.04,-0.22,-75,10,74
1.01,0.04,-0.22,-60,10,76
1.03,0.04,-0.22,-36,12,73
1.02,0.05,-0.2,-24,15,77
1.01,0.06,-0.21,-15,22,88
1.01,0.07,-0.2,-25,22,93
1.02,0.07,-0.19,-22,24,98
1.02,0.05,-0.2,-21,23,97
1.03,0.05,-0.2,-21,16,96
1.05,0.04,-0.23,-3,13,98
1.02,0.03,-0.21,9,8,98
1.03,0.02,-0.2,25,8,96
1.03,0.04,-0.21,28,15,96
1.02,0.05,-0.2,24,19,96
1.03,0.04,-0.2,16,16,95
1.01,0.03,-0.2,10,13,93
0.99,0.03,-0.19,-12,8,90
1.01,0.03,-0.18,-21,8,85
1,0.02,-0.19,-32,9,84
1.02,0.02,-0.19,-53,13,81
1.02,0.04,-0.19,-69,15,79
1.02,0.05,-0.21,-84,15,81
1.06,0.05,-0.23,-87,17,81
1.06,0.05,-0.24,-71,16,82
1.03,0.02,-0.24,-57,16,84
1.01,-0.04,-0.2,-46,16,84
1,0.03,-0.21,-30,16,81
1.02,0.05,-0.23,-5,12,75
1.02,0.05,-0.23,4,11,68
1.02,0.07,-0.24,3,13,80
1.03,0.07,-0.24,10,13,76
1.02,0.06,-0.21,2,22,68
1.02,0.06,-0.22,-3,23,70
1.03,0.04,-0.23,-1,19,70
1.02,0.01,-0.23,-4,16,71
1.04,0.03,-0.22,-19,15,76
1.03,0.03,-0.25,-37,13,80
0.99,0.04,-0.2,-53,15,80
1,0.04,-0.21,-61,15,83
1.02,0.05,-0.21,-62,14,84
1.01,0.04,-0.21,-78,16,81
1.03,0.05,-0.23,-75,15,78
1.02,0.04,-0.22,-72,13,76
1.03,0.05,-0.19,-67,11,76
1.04,0.03,-0.25,-48,5,63
1.03,0.03,-0.24,-34,1,66
1.01,0.04,-0.22,-10,3,83
1,0.01,-0.21,-1,12,95
1.01,0.04,-0.21,0,16,99
1.03,0.06,-0.24,7,21,107
1.03,0.05,-0.23,10,20,103
1.02,0.06,-0.23,12,20,102
1.01,0.04,-0.22,10,19,98
1.02,0.04,-0.22,8,16,94
1.03,0.04,-0.24,2,16,91
1.02,0.04,-0.24,-10,14,84
1.02,0.04,-0.23,-17,14,79
1.01,0.06,-0.23,-35,11,77
1.01,0.03,-0.22,-63,11,72
1.02,0.02,-0.24,-76,9,76
1.04,0.04,-0.24,-88,9,75
1.04,0.02,-0.26,-79,9,72
1.01,0.02,-0.25,-65,9,77
0.98,0.02,-0.21,-57,8,77
1.03,0.03,-0.21,-35,8,74
1.06,0.03,-0.28,-25,10,72
1.03,0.02,-0.23,-15,12,80
1.02,0.04,-0.27,-3,12,91
1.02,0.06,-0.24,-2,15,99
1.01,0.05,-0.21,10,17,101
1.03,0.03,-0.26,14,20,98
1.01,0.03,-0.22,13,21,92
1.03,0.02,-0.25,9,19,90
1.03,0.02,-0.26,10,16,89
1,0.04,-0.25,3,14,89
1.02,0.04,-0.26,0,12,88
1.01,0.03,-0.26,-15,11,82
1.01,0.02,-0.25,-29,11,77
1.02,0.02,-0.26,-36,11,75
1.01,0.03,-0.23,-51,11,74
1.02,0.03,-0.24,-74,10,72
1.04,0.06,-0.27,-81,14,67
1.03,0.06,-0.26,-74,13,66
1.02,0.06,-0.25,-64,13,71
1.03,0.06,-0.26,-54,11,72
1.03,0.05,-0.26,-42,11,73
1.02,0.04,-0.23,-32,11,75
1.01,0.03,-0.24,-15,12,81
1.02,0.06,-0.26,0,12,87
1.02,0.08,-0.25,-1,16,94
1,0.06,-0.24,14,14,92
1.02,0.05,-0.22,18,18,93
1.01,0.06,-0.22,16,21,95
1.03,0.07,-0.23,12,21,93
1.02,0.05,-0.23,6,19,94
1.02,0.04,-0.24,0,18,92
1.01,0.05,-0.25,-10,15,86
1.01,0.04,-0.24,-19,13,82
1,0.04,-0.23,-31,10,78
1.01,0.04,-0.24,-50,5,71
1.02,0.04,-0.25,-60,4,72
1.03,0.07,-0.26,-90,4,64
1.07,0.07,-0.29,-87,7,65
1.01,0.05,-0.27,-68,8,70
1.01,0.05,-0.23,-59,8,73
1.01,0.05,-0.24,-52,9,75
1.01,0.04,-0.24,-38,10,76
1.01,0.04,-0.22,-30,12,79
1.02,0.04,-0.25,-18,14,81
1.02,0.06,-0.25,-2,17,85
1.02,0.08,-0.24,3,20,89
1.02,0.06,-0.25,24,21,93
1.03,0.07,-0.26,17,25,92
1.02,0.03,-0.23,10,24,89
1.02,0.03,-0.24,6,21,89
1.02,0.04,-0.24,-4,15,85
1.01,0.05,-0.24,-12,12,84
1.01,0.05,-0.25,-25,8,78
1,0.05,-0.23,-36,7,75
1,0.06,-0.23,-53,6,69
1.02,0.05,-0.24,-76,4,68
1.04,0.07,-0.26,-95,7,63
1.04,0.03,-0.28,-80,7,60
1.02,0.02,-0.26,-66,6,68
1.02,0.04,-0.24,-59,5,71
1.02,0.05,-0.26,-38,5,72
1.02,0.04,-0.25,-29,7,80
1,0.04,-0.25,-10,8,88
1.01,0.06,-0.27,-7,18,92
1.02,0.07,-0.28,-5,19,93
1.02,0.07,-0.27,10,23,97
1.02,0.07,-0.28,10,25,95
1.02,0.04,-0.26,11,23,94
1.01,0.04,-0.26,8,20,96
1.02,0.03,-0.26,7,15,96
1.02,0.04,-0.27,1,12,92
1.01,0.05,-0.26,-2,9,87
1.02,0.05,-0.26,-12,8,81
1.01,0.04,-0.24,-24,7,68
1.01,0.05,-0.24,-44,6,67
1.01,0.05,-0.25,-67,5,69
1.04,0.06,-0.25,-88,10,67
1.04,0.05,-0.27,-78,11,68
1.02,0.04,-0.26,-64,9,73
1,0.03,-0.24,-54,7,75
1,0.05,-0.25,-44,8,74
1.01,0.06,-0.25,-28,6,79
1.01,0.04,-0.25,-12,5,86
1.01,0.05,-0.25,-9,6,92
1.02,0.05,-0.26,-15,5,96
1.03,0.04,-0.26,18,5,111
1.02,0.05,-0.24,21,9,116
1.02,0.08,-0.26,24,10,117
1.04,0.01,-0.26,26,12,117
1.02,0.03,-0.27,22,12,112
1.02,0.03,-0.24,13,7,108
1.01,0.04,-0.26,6,4,103
1.01,0.04,-0.25,-6,5,97
1,0.04,-0.23,-19,5,88
1,0.05,-0.23,-28,6,87
1,0.04,-0.23,-49,6,79
0.98,0.05,-0.22,-68,7,65
1.02,0.04,-0.24,-87,7,79
1.07,0.06,-0.26,-113,12,71
1.03,0.03,-0.27,-70,7,66
1.01,0,-0.25,-56,5,76
1.02,0.01,-0.25,-46,5,80
1.01,0.05,-0.26,-27,4,86
1.01,0.05,-0.26,-3,2,88
1.01,0.04,-0.26,-18,2,92
1.03,0.07,-0.28,13,0,100
1.02,0.04,-0.27,28,3,102
1.02,0.04,-0.26,31,11,104
1.02,0.04,-0.26,26,18,101
1.04,0.04,-0.28,23,15,100
1.03,0.04,-0.29,18,9,96
1.02,0.03,-0.29,-2,7,99
1.02,0.04,-0.28,-10,4,95
1,0.03,-0.24,-27,3,87
1,0.04,-0.25,-33,4,79
1,0.07,-0.24,-49,5,62
1.01,0.05,-0.24,-77,5,73
1.08,0.04,-0.26,-103,15,72
1.04,0.02,-0.27,-64,11,71
1.03,0.02,-0.25,-51,11,76
1.03,0.02,-0.25,-42,8,83
1.02,0.02,-0.22,-27,6,86
1.01,0.03,-0.21,6,4,91
1.01,0.04,-0.19,-3,7,91
1.01,0.04,-0.19,18,4,101
1.02,0.06,-0.2,11,12,99
1.04,0.07,-0.2,34,12,91
1.04,0.04,-0.2,34,14,94
1.02,0.02,-0.17,24,17,91
1.03,0.02,-0.17,12,13,88
1.03,0.02,-0.18,4,8,88
1.01,0.02,-0.16,-7,8,89
1.02,0.01,-0.16,-15,8,87
1,0.03,-0.15,-25,6,81
1.01,0.03,-0.15,-37,4,76
1.02,0.03,-0.16,-60,2,68
1.02,0.04,-0.16,-84,6,67
1.06,0.05,-0.21,-83,8,64
1.02,0.02,-0.19,-78,9,71
1.03,0.02,-0.18,-70,7,75
1.03,0.03,-0.18,-56,4,81
1.01,0.03,-0.18,-41,5,82
1.01,-0.02,-0.16,-23,6,89
1.01,-0.01,-0.16,-11,10,86
1.01,0,-0.16,16,10,97
1.03,0,-0.17,23,17,92
1.05,0.01,-0.2,26,24,96
1.05,-0.01,-0.21,23,28,98
1.03,-0.02,-0.19,10,25,97
1.03,-0.01,-0.2,-1,20,96
1.02,0.02,-0.2,-18,13,94
1.02,0.03,-0.2,-24,9,92
1.01,0.01,-0.18,-34,5,86
1,-0.01,-0.17,-48,5,80
1,-0.01,-0.17,-65,2,70
1.01,0,-0.15,-106,7,66
1.09,0.02,-0.24,-92,13,73
1.07,0.02,-0.24,-72,15,79
1.01,-0.01,-0.21,-59,19,87
1.03,0.02,-0.21,-49,21,90
1.02,0.01,-0.2,-40,18,93
1.02,0,-0.19,-35,13,92
1,-0.01,-0.18,-19,13,82
1.02,-0.03,-0.18,-2,14,90
1.04,0,-0.21,31,19,84
1.04,0.03,-0.2,23,35,81
1.05,0.01,-0.2,7,37,81
1.03,-0.04,-0.18,1,29,86
1.02,-0.04,-0.2,-12,19,89
1.01,-0.01,-0.17,-32,13,89
1,0.01,-0.17,-36,10,89
1,0,-0.17,-51,8,91
1,0.02,-0.17,-70,9,87
1,0.03,-0.15,-88,8,81
1.03,0,-0.18,-95,13,74
1.09,-0.02,-0.22,-81,14,76
1.04,-0.02,-0.21,-65,15,79
1.02,-0.03,-0.2,-52,14,81
1,-0.05,-0.18,-37,16,81
1.02,0.04,-0.22,-21,16,84
1.04,0.03,-0.24,-19,19,90
1.03,0.04,-0.25,3,13,99
1.04,0.02,-0.25,16,10,107
1.03,0.02,-0.23,23,21,115
1.03,0.03,-0.25,14,23,108
1.04,0.01,-0.23,6,22,97
1.01,0,-0.21,-14,17,86
1.02,0,-0.22,-33,10,86
1.01,-0.01,-0.19,-50,8,85
1,-0.01,-0.18,-67,8,90
1,0,-0.18,-84,9,89
1.02,0,-0.17,-90,9,76
1.03,-0.02,-0.19,-89,11,76
1.06,0.03,-0.24,-79,7,78
1.03,0.02,-0.23,-73,8,79
1.04,0.03,-0.24,-58,8,83
1.03,0.03,-0.23,-41,10,84
1.03,0.05,-0.23,-26,8,83
1.01,0.02,-0.21,-3,5,96
1.02,-0.01,-0.23,11,6,106
1.05,-0.01,-0.27,12,8,137
1.03,-0.02,-0.25,7,17,135
1.01,0.01,-0.21,5,21,121
1.03,0.02,-0.21,0,21,114
1.02,0.02,-0.21,-1,16,104
1.01,0.01,-0.2,-13,11,88
0.99,0.01,-0.18,-28,4,83
1,0,-0.18,-51,4,86
1,0.03,-0.18,-85,4,89
1.04,0.02,-0.2,-101,6,75
1.06,0.02,-0.24,-94,9,74
1.03,0.03,-0.23,-78,8,81
1.02,0.03,-0.23,-70,9,81
1.02,0.03,-0.23,-58,9,85
1.02,0.01,-0.24,-49,5,89
1,0.02,-0.23,-26,5,92
1.03,0.01,-0.23,3,5,87
1.03,-0.01,-0.24,5,6,91
1.04,0.03,-0.26,32,10,111
1.05,0.01,-0.27,38,16,113
1.04,0.01,-0.25,23,21,103
1.01,0,-0.24,10,18,99
1.01,0,-0.24,1,14,94
0.99,0.01,-0.23,-24,10,89
0.99,0.01,-0.21,-28,8,85
1,0.03,-0.2,-41,5,79
1,0.03,-0.21,-64,8,78
1.02,0.02,-0.22,-94,13,74
1.06,0.05,-0.28,-87,17,65
1.07,0.02,-0.28,-70,16,68
1,-0.01,-0.25,-57,15,77
1.04,0,-0.26,-39,13,88
1.02,0.01,-0.25,-21,9,88
1.02,-0.01,-0.24,-15,4,91
1,-0.03,-0.23,-4,3,100
1,0,-0.24,16,5,95
1.03,0.04,-0.25,32,9,95
1.05,0.05,-0.26,34,19,90
1.02,0.03,-0.24,23,26,87
1.03,0.01,-0.25,17,23,90
1.02,0,-0.26,11,12,90
1.01,0.01,-0.23,-5,7,92
1,0.01,-0.23,-18,5,90
0.98,0.02,-0.2,-32,2,87
0.99,0.03,-0.21,-48,4,78
0.98,0.03,-0.23,-70,8,71
1.03,0.01,-0.26,-102,12,61
1.06,0.01,-0.29,-88,13,58
1.04,0,-0.3,-64,12,64
1.02,-0.03,-0.3,-53,9,73
1.04,0,-0.31,-33,14,84
1.01,0.02,-0.28,-27,18,87
1,0.01,-0.29,-27,22,87
1.01,0.04,-0.29,-15,14,79
1.03,0.05,-0.31,6,10,67
1.03,0.04,-0.31,20,8,62
1.01,0.02,-0.28,13,22,67
1,0.03,-0.27,6,24,71
1.02,0.01,-0.28,-2,21,79
1.02,0.01,-0.29,-7,18,82
1.01,0.01,-0.3,-16,12,86
1.01,0.01,-0.28,-27,11,88
0.99,0.03,-0.27,-40,8,85
1,0.05,-0.26,-64,6,73
1,0.05,-0.27,-80,4,71
1.04,0.05,-0.31,-108,10,61
1.06,0.04,-0.34,-77,9,64
1.03,0.02,-0.33,-67,8,71
1.01,0.02,-0.3,-56,8,80
1.01,0,-0.28,-47,8,83
0.99,0.03,-0.26,-28,6,86
1,0.06,-0.28,-14,8,88
0.99,0.06,-0.28,4,16,86
1.03,0.06,-0.29,21,17,94
1.03,0.05,-0.29,28,22,97
1.04,0.03,-0.3,19,30,95
1.02,0.03,-0.29,7,24,95
1.02,0.03,-0.28,0,19,96
1.02,0.03,-0.27,-8,16,96
1.01,0.05,-0.28,-16,9,91
1,0.03,-0.26,-32,5,78
0.99,0.04,-0.26,-47,7,69
1,0.01,-0.24,-70,3,68
1.01,0.03,-0.24,-107,11,58
1.06,0.04,-0.32,-77,12,56
1.04,0.04,-0.3,-65,10,67
1.01,0.04,-0.28,-52,9,79
1.02,0.03,-0.28,-35,11,83
1.02,0.04,-0.26,-22,12,87
0.99,0.03,-0.22,-21,17,93
0.99,0.03,-0.23,-1,19,96
1.01,0.04,-0.23,7,24,100
1.06,0.04,-0.28,26,22,95
1.04,-0.01,-0.26,25,21,104
1.03,0.01,-0.24,13,19,101
1.01,0.03,-0.25,0,13,94
1.01,0.04,-0.24,-11,12,92
1,0.02,-0.23,-18,10,87
1,0.02,-0.25,-31,10,80
1.01,0.02,-0.24,-39,12,74
1.01,0.03,-0.23,-59,7,70
1.02,0.02,-0.24,-89,9,55
1.06,0.03,-0.27,-89,13,55
1.04,0.02,-0.27,-77,10,61
1.01,-0.01,-0.25,-62,6,74
1,-0.02,-0.23,-51,5,83
1.01,0.01,-0.24,-15,11,90
1.02,0.01,-0.26,-17,16,96
1,0.02,-0.26,-10,10,93
1.03,0.02,-0.25,9,11,93
1.03,0.05,-0.27,10,17,99
1.03,0,-0.25,26,16,98
1.02,0,-0.24,17,24,92
1.02,0,-0.24,12,24,95
1.03,0,-0.25,4,16,92
1.02,0.01,-0.26,-4,13,93
1,0.02,-0.24,-15,10,87
1,0.02,-0.23,-25,10,87
1,0.03,-0.21,-32,12,72
1.01,0.03,-0.21,-40,15,75
1.04,0.02,-0.24,-40,11,56
1.03,0,-0.24,-46,16,42
1.05,0.03,-0.28,-43,17,52
1.02,0.01,-0.26,-38,14,63
1.01,0.01,-0.24,-34,15,74
1.01,0.01,-0.26,-18,13,84
1.02,0.03,-0.26,-12,13,88
1,0.02,-0.24,-3,15,90
1,0.01,-0.24,-5,19,91
1.03,0.01,-0.24,-5,23,97
1,0.05,-0.22,-14,40,103
1.03,0.06,-0.23,-9,49,104
1.04,0.03,-0.26,-1,43,107
1.02,0.02,-0.25,1,35,105
1.02,0.03,-0.27,-9,22,101
1.02,0.03,-0.26,-15,16,96
1,0.01,-0.25,-22,6,89
1,0.01,-0.24,-33,0,84
0.99,0.04,-0.23,-54,-4,72
1.01,0.03,-0.24,-80,-3,52
1.02,0.03,-0.26,-87,3,46
1.06,0.05,-0.29,-71,1,57
1.03,0.02,-0.31,-58,0,63
1.01,0.01,-0.28,-44,6,75
1.01,0.01,-0.26,-23,10,82
1,0.02,-0.26,-14,18,88
1.01,0.03,-0.27,-15,24,93
1.01,0.03,-0.25,-11,29,96
1.02,0.02,-0.25,-8,31,99
1.02,0.04,-0.26,-3,33,97
1.03,0.04,-0.27,4,31,97
1.03,0.03,-0.26,3,31,102
1.02,0.04,-0.26,0,27,99
1.03,0.01,-0.25,-5,23,96
1.01,0.02,-0.26,-12,17,91
1.01,0.01,-0.26,-18,11,87
1.01,0.02,-0.24,-32,6,75
1.01,0.03,-0.25,-40,6,73
1.01,0.03,-0.23,-66,2,61
1.02,0.02,-0.24,-79,7,53
1.04,0.02,-0.26,-70,8,56
1.04,0.03,-0.28,-53,6,63
1.03,0,-0.27,-48,7,68
1.01,0,-0.24,-31,10,78
1,0.01,-0.23,-21,14,84
1.02,0.04,-0.23,-15,23,92
1.02,0.03,-0.24,-10,25,94
1.02,0.02,-0.24,-10,27,98
1.02,0.02,-0.23,0,29,104
1.03,0.02,-0.21,11,30,105
1.04,-0.01,-0.21,7,32,105
1.02,-0.02,-0.2,0,30,99
1.02,0,-0.22,-4,26,95
1.03,0.01,-0.23,-12,18,85
1.02,0.03,-0.22,-18,13,82
1.01,0.02,-0.22,-33,11,78
1.01,0.01,-0.22,-46,11,82
1.01,0,-0.21,-48,8,81
1.03,0.01,-0.21,-66,6,56
1.02,0.01,-0.19,-75,6,58
1.05,0.05,-0.22,-87,7,59
1.07,0.04,-0.25,-69,2,63
1.02,0,-0.2,-37,-1,70
0.99,-0.01,-0.15,-18,6,78
1,0,-0.16,-5,9,84
1.02,0.03,-0.17,3,11,90
1.01,0.02,-0.17,13,16,100
1.03,0.04,-0.16,13,24,95
1.04,0.03,-0.16,12,27,93
1.03,0,-0.15,13,25,94
1.03,-0.02,-0.15,4,21,91
1.03,-0.01,-0.15,-7,18,88
1.02,0.02,-0.17,-28,15,81
1.03,0.03,-0.18,-45,15,86
1.01,0.04,-0.17,-52,12,85
1.01,0.04,-0.17,-62,9,82
1.03,0.01,-0.17,-72,5,72
1.03,0.02,-0.17,-72,5,66
1.05,0.01,-0.21,-83,3,66
1.08,0.03,-0.21,-84,3,68
1.03,0.02,-0.19,-67,2,70
1.02,-0.01,-0.17,-52,3,77
1.01,0.01,-0.18,-44,6,76
1.02,0.02,-0.18,-26,10,84
1.01,0.02,-0.19,4,15,94
1.03,-0.03,-0.18,1,19,95
1,-0.05,-0.14,22,24,103
1.01,-0.01,-0.15,8,28,97
1.04,0.02,-0.16,6,27,94
1.03,0.01,-0.18,1,23,96
1.03,0.01,-0.17,-1,21,96
1.03,0.02,-0.18,-11,17,94
1.02,0.03,-0.17,-21,14,89
1.01,0.01,-0.17,-36,10,77
1.01,0,-0.17,-56,8,72
1.02,0,-0.16,-71,4,71
1.02,0,-0.17,-106,11,64
1.06,0.03,-0.23,-71,10,66
1.08,0.01,-0.23,-55,9,76
1.02,-0.01,-0.21,-49,12,92
0.98,-0.03,-0.16,-36,14,98
0.99,-0.01,-0.15,-24,19,97
1.02,-0.01,-0.19,-10,20,91
1.03,0,-0.2,-8,24,105
1.02,0.01,-0.18,18,20,100
1.02,0.02,-0.17,15,23,98
1.05,0.01,-0.2,10,26,97
1.02,-0.02,-0.19,8,26,100
1.02,-0.03,-0.2,12,19,99
1.04,-0.02,-0.2,6,11,91
1.03,0,-0.2,-5,8,90
1.02,0.01,-0.2,-19,-1,80
1,0,-0.19,-30,-3,80
1.01,0.01,-0.16,-64,-10,57
1.01,0.01,-0.18,-89,-3,60
1.04,0.03,-0.21,-101,0,48
1.08,0,-0.27,-76,-1,59
1.02,-0.03,-0.23,-61,0,67
1,-0.04,-0.2,-44,6,78
1.01,-0.01,-0.19,-36,7,85
1.01,0.01,-0.18,-7,11,92
1.01,-0.01,-0.19,-12,16,98
1.03,0,-0.19,11,20,108
1.04,0.02,-0.21,15,26,106
1.05,0.01,-0.2,15,30,106
1.03,-0.02,-0.19,11,29,104
1.02,-0.01,-0.19,2,22,100
1.03,-0.01,-0.22,-11,15,94
1.02,0.01,-0.21,-17,11,91
1.01,0.02,-0.21,-28,10,87
1,0.01,-0.22,-35,10,82
1.02,0.01,-0.23,-51,11,72
1.01,-0.01,-0.19,-83,6,60
1.02,-0.01,-0.22,-99,11,53
1.08,0.02,-0.28,-70,12,55
1.04,-0.02,-0.27,-54,9,69
1,-0.03,-0.23,-38,8,77
1.01,-0.01,-0.23,-25,9,83
1.01,-0.01,-0.23,-16,8,91
1.01,-0.03,-0.21,-8,10,95
1.01,-0.03,-0.21,-6,26,104
1.03,0.04,-0.22,6,39,101
1.06,0.05,-0.24,16,39,97
1.05,0.03,-0.24,16,33,97
1.02,0,-0.24,3,24,97
1.02,-0.02,-0.23,-4,18,93
1.02,-0.02,-0.22,-21,13,91
1.01,0,-0.21,-24,13,87
1,0,-0.23,-31,11,83
1.01,0.01,-0.23,-42,12,73
1.01,0,-0.24,-45,8,67
1.02,-0.02,-0.19,-52,3,50
1.01,0.01,-0.25,-54,3,40
1.09,0.02,-0.32,-53,3,43
1.06,0,-0.3,-46,2,51
1.04,-0.04,-0.26,-39,4,65
1.01,-0.02,-0.24,-26,9,84
1,0.02,-0.23,-24,14,91
1.01,0.04,-0.22,-12,11,94
1.02,0,-0.22,-8,12,103
1.03,0,-0.22,-9,15,106
1.02,-0.02,-0.19,-1,23,110
1.02,0.04,-0.16,6,33,107
1.02,0.06,-0.16,14,40,101
1.05,0.06,-0.23,19,36,100
1.03,0.05,-0.2,11,27,100
1.02,0.03,-0.21,5,21,95
1.02,0.05,-0.21,-3,12,93
1.01,0.05,-0.22,-9,7,89
1,0.02,-0.2,-20,3,82
1.02,0.02,-0.22,-43,6,78
1,0.02,-0.2,-46,8,82
1.02,0.03,-0.19,-76,3,53
1.05,0.03,-0.24,-73,7,51
1.07,0.03,-0.28,-67,8,60
1.05,0.02,-0.26,-47,7,75
1.01,0.02,-0.21,-30,13,82
1,0.01,-0.2,-24,17,87
1.04,0.04,-0.22,-27,15,87
1.02,0.03,-0.2,10,10,93
1.02,0.04,-0.21,2,10,104
1.01,0.06,-0.19,35,11,107
1,0.07,-0.17,27,18,103
1.04,0.04,-0.21,16,29,110
1,0.06,-0.17,8,22,109
1.02,0.05,-0.2,9,19,108
1.03,0.03,-0.22,-4,14,101
1.02,0.03,-0.22,-16,9,94
1.01,0.03,-0.21,-21,5,91
1.02,0.02,-0.2,-41,2,71
1.02,0.01,-0.2,-60,7,69
1.04,0.04,-0.24,-83,11,53
1.08,0.03,-0.27,-65,14,54
1.04,0.03,-0.26,-48,8,68
1.01,0.04,-0.22,-38,7,80
0.99,0.1,-0.22,-27,10,90
0.99,0.07,-0.21,-25,12,92
1,0.03,-0.19,15,7,95
0.99,0.09,-0.2,-1,4,107
1.02,0.09,-0.21,29,-2,116
1.01,0.06,-0.19,26,5,116
1.02,0.07,-0.18,19,17,116
1.02,0.04,-0.21,14,15,115
1.01,0.05,-0.17,12,9,111
1.02,0.04,-0.19,5,7,103
1.03,0.05,-0.21,-5,6,93
1.03,0.05,-0.22,-11,2,87
1.02,0.04,-0.21,-33,-4,68
1.01,0.02,-0.2,-61,0,62
1.04,0.04,-0.25,-104,11,54
1.08,0.02,-0.27,-69,11,55
1.04,0.04,-0.27,-47,6,67
1.01,0.04,-0.24,-41,6,74
1.01,0.04,-0.25,-30,9,83
1,0.05,-0.22,-22,12,94
1,0.05,-0.23,-11,7,96
1.02,0.02,-0.23,-6,5,108
1.02,0.04,-0.21,3,2,111
1,0.05,-0.18,13,1,115
1.03,0.09,-0.19,19,15,123
1.03,0.08,-0.21,21,25,125
1.03,0.02,-0.24,21,20,120
1.03,0.03,-0.21,14,9,114
1.04,0.03,-0.25,9,5,110
1.02,0.04,-0.23,-1,2,101
1.01,0.03,-0.23,-8,2,98
1.01,0.02,-0.24,-19,4,94
1.01,0.02,-0.22,-44,5,82
1.01,0.02,-0.22,-59,12,74
1.02,-0.01,-0.21,-72,15,68
1.05,0.03,-0.28,-71,19,46
1.08,0.06,-0.31,-63,18,55
1.03,0.05,-0.26,-46,16,67
0.98,0.04,-0.23,-33,17,85
1,0.07,-0.24,-27,16,87
1.02,0.05,-0.24,-12,7,84
1.01,0,-0.22,-10,-3,97
1.01,0,-0.2,7,-9,103
1.01,0.02,-0.2,9,-14,108
1.02,0.05,-0.18,21,-6,112
1.03,0.07,-0.16,20,13,116
1.05,0.05,-0.24,30,32,119
1.03,0.04,-0.18,36,9,110
1.04,0.03,-0.23,26,5,109
1.03,0.03,-0.25,13,-1,102
1.02,0.03,-0.24,7,-4,95
1.02,0.02,-0.22,-9,-8,89
1,0.04,-0.22,-18,-11,86
0.99,0.04,-0.2,-42,-9,79
1.01,0.04,-0.21,-73,-6,68
1.03,0.05,-0.23,-96,2,65
1.08,0.03,-0.28,-79,6,59
1.02,0.02,-0.24,-63,5,67
1.02,0.02,-0.22,-50,3,71
1.02,0.01,-0.2,-33,3,83
1,0.03,-0.2,-15,4,87
1,0.04,-0.22,-2,4,98
1.02,0.04,-0.2,1,6,108
1,0.08,-0.18,7,21,122
1.04,0.06,-0.21,16,34,123
1.09,-0.01,-0.26,19,28,125
1.01,0.02,-0.15,9,23,124
1.02,0.06,-0.22,1,19,115
1.02,0.07,-0.22,0,16,109
1.02,0.08,-0.23,-7,11,97
1.03,0.05,-0.25,-14,9,94
1.01,-0.01,-0.23,-21,2,88
1.01,0,-0.21,-42,-7,79
0.99,0.01,-0.19,-71,-10,72
1.02,0.02,-0.2,-102,-5,53
1.08,0.04,-0.29,-80,3,55
1.04,0.04,-0.26,-60,-1,63
1,0.03,-0.26,-46,3,68
1.02,0.03,-0.23,-33,9,78
1.02,0.04,-0.21,-27,11,88
1.01,0.03,-0.21,-16,11,92
1,-0.01,-0.18,-7,11,103
1.01,0.01,-0.18,2,15,113
1,0.08,-0.19,18,24,128
1.05,0.09,-0.21,18,37,126
1.07,0.05,-0.25,12,36,117
1,0.02,-0.22,3,24,106
1.04,0.01,-0.25,-4,15,100
1.01,0.01,-0.23,-5,10,96
1.02,0.02,-0.23,-20,3,88
1.01,0,-0.24,-38,0,84
1.02,0.01,-0.22,-54,-3,69
1.02,0.02,-0.21,-84,-3,55
1.06,0.03,-0.27,-83,6,47
1.06,0.03,-0.29,-68,2,57
1.01,0,-0.25,-51,-3,66
1,-0.01,-0.22,-42,-2,74
1.01,0.03,-0.23,-17,1,84
1.01,0.01,-0.21,-11,3,94
1,-0.01,-0.22,-5,6,108
1,0.07,-0.2,5,15,124
1.03,0.09,-0.23,8,28,136
1.06,0.05,-0.26,6,24,139
1.01,0.01,-0.2,-5,16,134
1.02,0,-0.23,-3,14,122
1.02,0.01,-0.24,-2,13,116
1.05,0.02,-0.25,-5,13,103
1.03,0.01,-0.27,-13,12,94
1.02,0.01,-0.24,-18,8,87
1.01,0,-0.25,-38,4,84
1.01,0.01,-0.22,-57,1,67
1.01,0.02,-0.22,-78,3,59
1.05,0.06,-0.32,-80,12,50
1.08,0.01,-0.33,-54,7,61
1.03,0,-0.28,-40,3,71
0.99,0.05,-0.25,-23,12,85
0.98,0.06,-0.23,-15,23,89
1.02,0.04,-0.22,-1,12,99
1.01,-0.01,-0.2,-4,4,120
1.02,-0.02,-0.24,-6,4,122
0.99,0.02,-0.18,-3,7,124
1.04,0.06,-0.21,0,12,128
1.07,0.06,-0.25,-1,13,132
1.02,0.05,-0.23,-2,14,129
1.02,0.04,-0.23,-4,12,125
1.02,0.04,-0.23,-2,8,125
1.04,0.03,-0.24,-3,4,118
1.01,0.01,-0.24,-9,2,105
1.01,0.01,-0.25,-14,3,99
1.01,0.02,-0.24,-23,4,90
1.01,0.03,-0.24,-31,5,78
1.01,0.02,-0.24,-55,11,61
1.03,0.02,-0.25,-84,13,40
1.08,0.04,-0.32,-68,14,38
1.09,0.02,-0.32,-45,11,56
0.98,-0.01,-0.24,-31,10,67
0.97,0,-0.23,-19,12,77
1.02,0.04,-0.24,-12,13,88
1.01,0.03,-0.21,-3,6,98
0.99,0,-0.19,-8,5,106
1,0.01,-0.2,-8,8,110
1.01,0.03,-0.2,-4,10,109
1.02,0.06,-0.18,10,17,109
1.03,0.02,-0.21,17,23,109
1.05,-0.02,-0.24,20,23,110
1.03,0.01,-0.21,18,17,108
1.04,0.03,-0.24,9,11,108
1.03,0.02,-0.22,2,7,104
1.02,0.04,-0.22,-2,6,101
1.02,0.03,-0.22,-13,7,100
1.01,0.03,-0.23,-17,6,100
0.98,0.03,-0.22,-24,-1,82
1.01,0.05,-0.22,-60,0,66
1,0.04,-0.21,-52,-2,61
1.06,0.02,-0.27,-85,7,33
1.08,0.03,-0.3,-70,8,42
1.02,0.05,-0.26,-52,4,61
1.01,0.04,-0.24,-43,2,67
1,0.02,-0.23,-30,4,75
1.02,0.02,-0.22,-15,5,79
1.01,0.03,-0.23,-10,4,75
1.01,0.03,-0.21,-7,8,78
1.02,0.04,-0.21,-11,13,82
1.01,0.07,-0.18,-2,17,75
1,0.08,-0.18,3,32,70
1.05,0.05,-0.22,5,31,69
1.02,0.02,-0.19,7,20,70
1,0.01,-0.19,5,18,76
1.02,0.02,-0.21,3,17,84
1.02,0.04,-0.2,1,16,87
1.04,0.05,-0.24,-9,12,87
1.03,0.04,-0.25,-18,8,90
1.03,0.03,-0.24,-19,5,89
1.02,0.02,-0.23,-28,3,81
1.02,0.02,-0.21,-52,1,58
1,0.04,-0.21,-57,13,58
1.05,0.06,-0.25,-69,21,41
1.11,0.07,-0.31,-57,16,51
1.02,0.04,-0.25,-42,13,65
0.99,0,-0.23,-37,15,76
1,0,-0.2,-16,10,73
1.02,0.02,-0.2,-17,8,81
1,0.01,-0.2,3,1,84
0.98,0.01,-0.2,6,2,88
1.02,0.02,-0.2,10,2,90
1.01,0.06,-0.16,15,13,96
1.03,0.08,-0.18,12,29,96
1.05,0.04,-0.23,16,26,94
1.02,0.03,-0.17,13,15,94
1.03,0.02,-0.19,4,7,92
1.03,0.02,-0.2,-2,5,90
1.01,0.02,-0.2,-8,3,84
1.01,0.03,-0.2,-13,3,83
1.02,0.03,-0.21,-22,2,73
1.02,0.03,-0.19,-36,4,60
1.02,0.03,-0.21,-48,6,50
1.08,0.07,-0.25,-66,7,38
1.1,0.06,-0.3,-56,8,45
1.01,0.04,-0.21,-38,8,58
1,0.02,-0.21,-31,6,64
1,0.04,-0.18,-17,4,70
1.03,0.05,-0.19,-14,7,79
1,0.05,-0.17,-11,6,83
0.99,0.03,-0.17,-4,4,83
0.99,0.02,-0.15,1,7,88
0.99,0.05,-0.14,8,15,90
1.04,0.07,-0.17,17,26,81
1.07,0.05,-0.2,14,27,81
1.04,0.05,-0.19,10,20,80
1.03,0.04,-0.2,0,12,82
1.04,0.04,-0.22,-3,7,80
1.02,0.04,-0.23,-10,5,83
1,0.05,-0.21,-22,3,77
1,0.04,-0.22,-29,3,76
1.02,0.04,-0.2,-45,3,57
1.02,0.03,-0.18,-61,4,50
1.07,0.05,-0.26,-75,11,46
1.07,0.05,-0.3,-59,11,54
1.04,0.03,-0.26,-48,8,60
1,0.02,-0.22,-34,8,66
1.01,0.03,-0.21,-20,5,69
1.01,0.03,-0.18,-11,1,81
0.99,0.04,-0.18,0,-2,84
1,0.03,-0.18,5,2,98
1,0.04,-0.15,9,10,104
1.01,0.09,-0.16,15,29,104
1.07,0.07,-0.23,19,28,96
1.04,0.05,-0.19,12,19,95
1.01,0.02,-0.2,8,12,93
1.03,0.02,-0.21,-2,9,89
1.03,0.02,-0.22,-8,8,87
1.01,0.03,-0.23,-17,9,80
1.03,0.03,-0.25,-23,7,76
1.02,0.04,-0.25,-38,4,63
1.03,0.04,-0.22,-56,4,61
1.03,0.03,-0.24,-78,8,49
1.04,0.04,-0.28,-65,10,55
1.04,0.04,-0.28,-56,7,58
1.02,0.02,-0.26,-41,4,64
1.01,0.03,-0.25,-32,5,69
1.01,0.04,-0.24,-16,7,81
1,0.04,-0.22,-8,7,82
1,0.04,-0.22,-1,6,91
1.01,0.06,-0.21,5,12,98
1.01,0.08,-0.21,15,23,105
1.03,0.05,-0.22,19,25,103
1.02,0.03,-0.21,14,21,99
1.02,0.01,-0.21,6,16,96
1.02,0.02,-0.22,-3,11,90
1.02,0.03,-0.23,-2,8,87
1.01,0.03,-0.24,-14,8,82
1.02,0.05,-0.24,-17,8,78
1.02,0.06,-0.25,-40,7,60
1.03,0.05,-0.23,-50,9,62
1.02,0.05,-0.24,-79,10,45
1.05,0.06,-0.3,-66,11,50
1.05,0.06,-0.3,-54,8,59
1.02,0.03,-0.26,-39,4,68
1.01,0.03,-0.25,-25,7,77
1.02,0.03,-0.25,-14,9,84
1,0.05,-0.22,-3,8,90
1,0.03,-0.21,-3,6,100
1.02,0.04,-0.2,3,7,116
1.01,0.05,-0.2,6,10,122
1.02,0.07,-0.2,12,14,126
1.04,0.06,-0.21,9,16,122
1.04,0.03,-0.23,10,13,108
1.01,0.02,-0.23,8,8,98
1.03,0.03,-0.23,6,6,91
1.02,0.04,-0.24,1,5,85
1.02,0.02,-0.24,-6,2,76
1.01,0.03,-0.23,-31,-4,68
1,0.02,-0.23,-63,-1,71
1.01,0.03,-0.23,-65,-1,74
1.04,0.03,-0.26,-70,3,57
1.02,0.04,-0.25,-72,1,58
1.01,0.04,-0.27,-67,0,58
1.03,0.06,-0.25,-55,-3,62
1.03,0.04,-0.25,-46,-6,68
1.01,0.04,-0.24,-25,-4,79
1.02,0.03,-0.25,-5,6,98
1.01,0.03,-0.25,-3,9,110
1,0.06,-0.22,-6,14,124
1,0.09,-0.22,-1,18,129
1.03,0.1,-0.23,-3,18,118
1.03,0.04,-0.25,1,13,115
1.03,0.01,-0.24,6,11,116
1.02,0.04,-0.25,5,16,120
1.03,0.06,-0.26,6,16,113
1.02,0.05,-0.25,2,13,101
1.02,0.04,-0.24,-9,3,84
1,0.05,-0.23,-18,0,84
1.01,0.05,-0.23,-45,-11,72
1.01,0.04,-0.21,-92,-9,63
1.03,0.03,-0.24,-109,2,52
1.04,0.04,-0.24,-89,6,56
1.03,0.06,-0.26,-64,-9,63
1.02,0.05,-0.24,-42,-16,72
1,0.04,-0.22,-2,-16,95
1.01,-0.01,-0.21,-6,-1,113
1,0.05,-0.19,-7,11,142
1.02,0.11,-0.23,1,19,140
1.03,0.09,-0.24,-4,19,129
1.03,0.08,-0.22,-5,17,123
1,0.06,-0.21,-3,15,116
1.02,0.03,-0.23,-4,12,109
1.01,0.02,-0.23,-8,11,102
1,0.04,-0.21,-21,6,86
1.01,0.05,-0.22,-35,-2,87
1.01,0.06,-0.23,-76,-9,73
1.03,0.06,-0.26,-112,2,53
1.07,0.06,-0.31,-86,6,61
1.03,0.03,-0.28,-70,1,65
0.97,0.02,-0.24,-42,-5,71
1.01,0.05,-0.25,-21,-1,80
1.03,0.05,-0.28,1,8,94
1.02,0.02,-0.26,-2,10,110
1.01,0.06,-0.26,12,14,119
1.03,0.1,-0.27,13,20,120
1.02,0.06,-0.25,2,23,119
1.01,0.04,-0.25,-1,23,114
1.01,0.05,-0.24,-3,18,108
1.02,0.04,-0.26,-6,13,102
1.01,0.04,-0.26,-9,11,95
1.01,0.04,-0.25,-18,8,87
1.01,0.03,-0.24,-28,3,79
1.01,0.04,-0.24,-45,-1,66
1.01,0.04,-0.24,-92,-2,55
1.04,0.07,-0.29,-94,6,46
1.06,0.04,-0.33,-64,3,54
1.01,0.04,-0.28,-50,0,63
1,0.03,-0.24,-39,2,69
1.01,0.04,-0.24,-21,4,83
1.01,0.06,-0.23,-7,7,86
1,0.05,-0.25,-3,11,88
1.03,0.06,-0.27,-10,13,89
1.03,0.07,-0.25,18,18,101
1.03,0.07,-0.25,12,25,97
1.03,0.06,-0.24,13,27,98
1.02,0.04,-0.24,9,23,98
1.03,0.03,-0.25,4,19,94
1.01,0.02,-0.23,-4,17,95
1.01,0.02,-0.25,-12,14,93
1.01,0.03,-0.26,-16,13,89
1,0.04,-0.25,-24,8,83
1.02,0.03,-0.25,-45,5,66
1.01,0.04,-0.23,-53,5,68
1.02,0.05,-0.26,-78,5,43
1.04,0.04,-0.3,-69,7,46
1.05,0.03,-0.3,-51,5,57
1.01,0.02,-0.27,-43,5,63
1,0.01,-0.26,-35,7,72
1.01,0.01,-0.25,-25,8,80
1.02,0.02,-0.25,-15,9,83
1,0.02,-0.24,-8,14,91
1.02,0.05,-0.26,-1,17,94
1.02,0.07,-0.25,9,23,102
1.03,0.08,-0.26,14,25,105
1.03,0.05,-0.27,12,24,104
1.01,0.01,-0.23,4,22,104
1.01,0,-0.24,-2,19,102
1.02,-0.01,-0.25,-3,14,97
1.01,0.01,-0.24,-11,12,92
1.01,0.02,-0.24,-14,11,87
1.01,0.03,-0.25,-19,10,80
1.02,0.03,-0.24,-31,7,64
1.02,0.04,-0.26,-40,3,59
1.03,0.01,-0.26,-72,4,38
1.05,0.02,-0.27,-65,8,43
1.04,0.03,-0.3,-48,5,55
1,0.02,-0.26,-39,4,63
1,0.02,-0.26,-31,4,71
1.02,0.02,-0.27,-7,7,80
1.01,0.03,-0.24,-8,10,79
1.01,0.04,-0.25,-13,11,87
1.01,0.06,-0.25,-5,16,96
1.02,0.05,-0.24,4,23,93
1.03,0.05,-0.24,5,35,92
1.04,0.02,-0.24,6,35,92
1.03,0.01,-0.22,5,30,93
1.01,0.02,-0.24,3,24,90
1.03,0.01,-0.24,-7,21,88
1.02,0.02,-0.24,-13,16,85
1.02,0.03,-0.25,-18,12,82
1,0.03,-0.25,-31,7,77
1.01,0.03,-0.23,-43,5,70
1.02,0.04,-0.25,-74,5,57
1.05,0.04,-0.29,-78,11,51
1.06,0.03,-0.3,-63,11,59
1.02,0.02,-0.27,-48,9,69
1,0.02,-0.25,-38,10,73
1.01,0.04,-0.27,-24,12,76
1.01,0.05,-0.25,-14,13,77
1.01,0.02,-0.24,-8,17,81
1.01,0,-0.22,-10,22,82
1.02,0.03,-0.22,-1,32,84
1.04,0.04,-0.24,6,34,90
1.04,0.04,-0.25,7,30,94
1.01,0.03,-0.23,3,23,98
1.01,0.01,-0.23,-3,21,98
1.02,0.03,-0.25,-7,20,92
1.02,0.03,-0.24,-10,18,88
1.01,0.04,-0.25,-21,11,83
1.02,0.03,-0.25,-36,6,72
1.02,0.05,-0.22,-60,6,61
1.05,0.05,-0.26,-76,11,53
1.04,0.03,-0.27,-71,13,57
1.02,0.02,-0.26,-52,9,67
1.01,0.02,-0.24,-43,8,73
1.02,0.01,-0.25,-27,8,79
1.01,0.02,-0.22,-21,9,79
1,0.02,-0.22,-17,15,84
1.02,0.07,-0.25,-1,22,94
1.02,0.07,-0.24,4,25,97
1.04,0.05,-0.24,18,19,99
1.02,0.04,-0.22,20,16,100
1.03,0.01,-0.21,9,18,100
1.01,0.02,-0.2,3,18,100
1.01,0.02,-0.21,2,16,98
1.02,0.02,-0.21,-3,14,94
1.01,0.03,-0.24,-10,8,85
1.02,0.02,-0.23,-18,6,81
1.02,0.03,-0.23,-38,0,67
1.02,0.03,-0.23,-54,1,62
1.03,0.03,-0.23,-85,8,54
1.05,0.04,-0.29,-68,10,57
1.04,0.02,-0.27,-54,6,63
0.99,0.02,-0.24,-46,7,70
1.01,0.02,-0.24,-40,8,76
1.02,0.04,-0.24,-25,12,79
1,0.05,-0.24,-14,10,82
1.02,0.02,-0.24,-8,7,89
1.02,0.03,-0.24,-5,7,96
1.02,0.01,-0.22,7,9,102
1.01,0.04,-0.21,21,16,105
1.01,0.04,-0.21,22,21,105
1.05,0.01,-0.23,19,23,105
1.01,0.02,-0.21,12,16,103
1.02,0.01,-0.23,7,12,102
1.03,0.02,-0.25,-3,8,98
1.02,0.01,-0.25,-6,7,94
1.02,0.03,-0.24,-17,5,95
1.01,0.03,-0.24,-23,0,83
1.02,0.03,-0.26,-34,0,72
1,0.02,-0.21,-58,6,54
1.01,0.03,-0.25,-69,8,48
1.07,0.02,-0.29,-75,8,42
1.05,0.01,-0.28,-58,6,54
1,0,-0.28,-47,5,62
1.02,0,-0.27,-36,7,71
1.02,0.01,-0.25,-32,6,72
1.01,0,-0.24,-16,6,82
1,0,-0.25,-14,9,89
1,0.02,-0.24,-7,10,96
1.01,0.04,-0.23,4,16,101
1,0.04,-0.21,9,27,100
1.05,0.03,-0.26,7,39,95
1.06,-0.04,-0.29,8,34,88
1.01,-0.04,-0.23,5,24,93
1.03,-0.02,-0.25,-1,18,92
1.03,0,-0.25,-8,14,90
1.01,-0.01,-0.26,-16,9,84
1.01,0,-0.25,-15,3,85
1.01,0.01,-0.25,-36,3,72
1.01,0.01,-0.25,-51,2,62
1.03,0.03,-0.27,-55,4,53
1.04,0.02,-0.25,-67,6,47
1.03,0.02,-0.26,-67,7,48
1.03,0.03,-0.26,-58,7,55
1.02,0.02,-0.26,-45,4,63
1.01,0,-0.25,-38,4,68
1.01,0.01,-0.24,-27,5,78
1.01,0.02,-0.23,-22,7,83
1.01,0.04,-0.24,-13,16,85
1.01,0.05,-0.21,-13,27,88
1.01,0.04,-0.22,-1,31,84
1.05,0.01,-0.25,3,28,87
1.01,0.02,-0.22,9,21,88
1.01,0.02,-0.21,8,20,91
1.02,0.02,-0.21,0,21,95
1.01,0.03,-0.22,1,21,94
1.01,0.06,-0.22,-6,17,90
1.02,0.06,-0.23,-4,13,89
1.02,0.05,-0.24,-18,4,80
1.02,0.04,-0.25,-22,-1,75
1.03,0.04,-0.24,-38,-3,56
1.03,0.04,-0.24,-78,4,42
1.06,0.04,-0.28,-74,9,42
1.04,0.04,-0.28,-54,5,57
1.02,0.06,-0.27,-45,4,63
1,0.05,-0.24,-38,6,68
1.02,0.03,-0.23,-30,10,78
1.01,0.02,-0.24,-16,9,80
1,0,-0.23,-2,5,90
1,0.03,-0.22,1,5,97
1,0.05,-0.2,8,6,107
0.99,0.07,-0.18,12,18,107
1,0.06,-0.18,11,28,107
1.07,0.02,-0.25,13,24,105
1.01,0.03,-0.19,10,15,103
1.03,0.03,-0.22,4,11,99
1.03,0.03,-0.23,-4,9,93
1.01,0.04,-0.23,-5,8,87
1.02,0.05,-0.22,-13,9,87
1.02,0.04,-0.24,-21,6,80
1.02,0.03,-0.23,-35,3,69
0.99,0.01,-0.18,-58,5,49
1.05,0.05,-0.26,-72,9,44
1.08,0.05,-0.3,-68,10,44
1.03,0.02,-0.26,-55,6,55
1.01,0.01,-0.26,-47,3,59
1.01,0.01,-0.25,-32,1,68
1.01,0,-0.24,-23,3,80
1,0,-0.23,-11,4,82
1,0,-0.22,-2,5,91
1.01,0.02,-0.2,5,9,103
0.99,0.04,-0.18,14,18,105
1.01,0.08,-0.21,21,44,109
1.13,0.04,-0.3,24,36,105
1,0.02,-0.18,12,17,98
1.03,0.03,-0.27,7,7,91
1.03,0.04,-0.27,-1,-3,86
1.02,0.04,-0.26,-16,-13,77
1.01,0.03,-0.23,-44,-20,55
0.99,0.03,-0.19,-110,-4,52
1.06,0.05,-0.28,-88,1,48
1.06,0.02,-0.28,-60,-3,55
1.01,0.04,-0.27,-44,-6,68
1,0.03,-0.24,-31,-4,79
1.01,0.02,-0.22,-12,1,81
1,0.01,-0.2,5,-2,89
1,0.01,-0.18,11,-3,97
0.99,0.03,-0.18,21,6,101
1,0.08,-0.18,19,19,108
1.05,0.07,-0.22,17,30,111
1.03,0.04,-0.22,17,24,107
1.02,0.04,-0.22,15,16,104
1.03,0.02,-0.22,8,7,98
1.02,0,-0.22,3,1,94
1.02,0,-0.24,-2,-3,91
1.01,0.01,-0.23,-14,-10,86
1.01,0.01,-0.25,-18,-14,84
1.02,0.01,-0.22,-48,-20,57
1.01,0.02,-0.23,-103,-19,46
1.05,0.02,-0.27,-93,-18,39
1.08,0.05,-0.29,-75,-17,48
1.02,0.04,-0.29,-44,-15,57
1.02,0.01,-0.26,-16,-8,64
1,0,-0.23,-9,0,73
0.99,0.03,-0.19,1,2,76
0.98,0.05,-0.18,-1,7,82
1.01,0.04,-0.19,-4,13,90
1.01,0.05,-0.2,-2,22,90
1,0.03,-0.2,-1,29,87
1.02,0.02,-0.22,7,33,81
1.04,0.03,-0.25,11,29,79
1.04,0.02,-0.27,11,23,79
1.04,0.01,-0.28,5,14,81
1.03,0,-0.29,-2,7,81
1.03,0.03,-0.29,-12,0,80
1.01,0.03,-0.28,-18,-3,79
1.01,0.02,-0.26,-34,-6,66
1,0.03,-0.25,-63,-7,58
1.01,0.04,-0.26,-85,-2,50
1.04,0.04,-0.31,-72,0,51
1.03,0.02,-0.3,-62,-1,56
1,0.02,-0.27,-42,0,61
1.01,0.02,-0.29,-32,2,67
1.02,0.04,-0.28,-19,3,73
1,0.04,-0.25,-9,7,82
0.99,0.03,-0.24,-2,11,86
0.99,0.03,-0.21,-3,14,88
1,0.03,-0.21,4,18,97
1.04,0.02,-0.22,10,26,102
1.04,0.03,-0.26,11,29,101
1.04,0.05,-0.26,11,27,99
1.04,0.05,-0.29,9,21,95
1.02,0.03,-0.27,5,16,91
1.02,0.01,-0.27,1,11,85
1.02,0.02,-0.27,-6,9,82
1.02,0.03,-0.29,-18,4,79
1,0.03,-0.27,-34,-3,71
0.99,0.05,-0.25,-53,-3,66
1.01,0.04,-0.26,-77,-1,58
1.04,0.03,-0.32,-75,3,50
1.03,0.02,-0.3,-61,3,57
1.02,0.03,-0.3,-49,1,62
1.02,0.02,-0.29,-42,2,64
1.02,0.02,-0.29,-29,4,72
1.02,0.02,-0.24,-17,5,78
1.03,0,-0.26,-9,9,84
1,0.02,-0.23,-5,13,89
1.02,0.03,-0.24,1,17,94
0.99,0.1,-0.19,7,26,107
1.02,0.1,-0.24,18,29,111
1.04,0.07,-0.25,17,21,109
1,0.04,-0.22,6,15,106
1.02,0.02,-0.25,1,12,103
1.01,0.02,-0.24,-1,7,98
1.01,0.02,-0.24,0,5,94
1.03,0.03,-0.25,-4,6,88
1.03,0.05,-0.26,-6,5,81
1.02,0.06,-0.24,-26,4,60
1.02,0.05,-0.23,-33,6,73
1.03,0.05,-0.23,-64,3,37
1.03,0.03,-0.25,-54,8,45
1.05,0.04,-0.25,-47,7,52
1.01,0.06,-0.24,-37,5,61
1.01,0.07,-0.24,-30,6,65
1.02,0.05,-0.22,-20,7,68
1.02,0.04,-0.19,-10,10,73
1.01,0.04,-0.19,-9,12,79
1,0.07,-0.17,-6,12,83
1.02,0.05,-0.15,-2,13,91
1.01,0.03,-0.16,-1,15,97
1.01,0.03,-0.14,3,20,104
1.02,0.04,-0.16,5,22,105
1.04,0.05,-0.18,8,19,102
1.03,0.06,-0.18,5,13,103
1.03,0.06,-0.19,3,9,100
1.03,0.05,-0.18,1,6,93
1.04,0.06,-0.2,-2,4,87
1.03,0.04,-0.19,-6,1,79
1.03,0.05,-0.2,-13,0,73
1.03,0.02,-0.19,-28,1,64
1.02,0.04,-0.18,-44,-1,50
1.01,0.02,-0.17,-56,1,39
1.04,0.05,-0.21,-53,5,44
1.02,0.07,-0.2,-48,4,50
0.98,0.05,-0.18,-37,1,57
1.01,0.06,-0.2,-27,0,63
1.03,0.06,-0.21,-20,1,65
1.02,0.06,-0.21,-11,3,72
1.03,0.06,-0.22,-10,7,80
1.03,0.06,-0.19,-8,10,86
1.02,0.04,-0.18,-8,11,96
1.02,0.04,-0.17,-1,10,97
1.02,0.02,-0.17,8,13,101
1.03,0.04,-0.18,16,21,106
1.03,0.04,-0.21,18,23,106
1.04,0.04,-0.2,13,17,103
1.02,0.04,-0.22,7,10,97
1.02,0.04,-0.23,3,8,93
1.01,0.04,-0.25,-4,3,85
1.02,0.04,-0.24,-15,0,81
1.02,0.03,-0.24,-26,-2,73
1.01,0.04,-0.26,-42,0,63
1.01,0.04,-0.23,-68,8,56
1.04,0.06,-0.26,-74,10,46
1.07,0.04,-0.29,-64,10,53
1.02,0.03,-0.25,-48,9,63
1.01,0.03,-0.24,-37,9,69
1.01,0.04,-0.24,-33,8,71
1.01,0.04,-0.23,-27,8,80
1.01,0.05,-0.23,-11,4,79
0.99,0.04,-0.21,-7,2,88
1,0.05,-0.21,6,1,97
1.01,0.05,-0.2,19,12,108
1,0.09,-0.19,21,20,112
1.05,0.1,-0.25,23,28,108
1.04,0.05,-0.21,15,19,99
1.01,0.04,-0.23,12,13,96
1.03,0.04,-0.26,7,6,91
1.03,0.01,-0.25,-5,0,85
1.01,0.02,-0.23,-13,-4,83
1.01,0.03,-0.24,-34,-7,73
1.02,0.03,-0.22,-60,-2,66
1.02,0.04,-0.23,-73,1,70
1.04,0.04,-0.26,-84,9,48
1.07,0.05,-0.27,-73,8,54
1.02,0.03,-0.26,-57,4,60
1,0.04,-0.23,-49,4,63
1,0.01,-0.22,-42,4,66
